customerID,ChurnProbability,RiskSegment,tenure,Contract,MonthlyCharges,TechSupport,OnlineSecurity,PaymentMethod,RetentionAction
7216-EWTRS,0.9292200135214417,Very High,1,Month-to-month,100.8,No,No,Electronic check,Priority outreach + long-term contract incentive
5419-JPRRN,0.9173387299653791,Very High,1,Month-to-month,101.45,No,No,Electronic check,Priority outreach + long-term contract incentive
5178-LMXOP,0.91466742335661,Very High,1,Month-to-month,95.1,No,No,Electronic check,Priority outreach + long-term contract incentive
9300-AGZNL,0.91466742335661,Very High,1,Month-to-month,94.0,No,No,Electronic check,Priority outreach + long-term contract incentive
9497-QCMMS,0.91466742335661,Very High,1,Month-to-month,93.55,No,No,Electronic check,Priority outreach + long-term contract incentive
0107-YHINA,0.9113551952173127,Very High,1,Month-to-month,99.75,No,No,Electronic check,Priority outreach + long-term contract incentive
0295-PPHDO,0.8995216176005616,Very High,1,Month-to-month,95.45,No,No,Electronic check,Priority outreach + long-term contract incentive
4910-GMJOT,0.8995216176005616,Very High,1,Month-to-month,94.6,No,No,Electronic check,Priority outreach + long-term contract incentive
8149-RSOUN,0.8995216176005616,Very High,1,Month-to-month,93.85,No,No,Electronic check,Priority outreach + long-term contract incentive
6521-YYTYI,0.8936340385689386,Very High,1,Month-to-month,93.3,No,No,Electronic check,Priority outreach + long-term contract incentive
1069-XAIEM,0.8929666791296332,Very High,1,Month-to-month,85.05,No,No,Electronic check,Priority outreach + long-term contract incentive
3068-OMWZA,0.8897103797672723,Very High,1,Month-to-month,88.8,No,No,Electronic check,Priority outreach + long-term contract incentive
5192-EBGOV,0.8897103797672723,Very High,1,Month-to-month,85.7,No,No,Electronic check,Priority outreach + long-term contract incentive
4826-XTSOH,0.8897103797672723,Very High,1,Month-to-month,86.05,No,No,Electronic check,Priority outreach + long-term contract incentive
8775-LHDJH,0.8876410934564039,Very High,1,Month-to-month,90.6,No,No,Electronic check,Priority outreach + long-term contract incentive
3988-RQIXO,0.8821073329499798,Very High,1,Month-to-month,91.3,No,No,Electronic check,Priority outreach + long-term contract incentive
7181-BQYBV,0.8782915133971922,Very High,1,Month-to-month,102.45,No,Yes,Electronic check,Priority outreach + long-term contract incentive
3178-FESZO,0.8758093005509455,Very High,1,Month-to-month,100.25,No,No,Credit card (automatic),Priority outreach + long-term contract incentive
9282-IZGQK,0.8744976708615569,Very High,1,Month-to-month,85.0,No,No,Electronic check,Priority outreach + long-term contract incentive
9681-OXGVC,0.8726324979316271,Very High,5,Month-to-month,100.5,No,No,Electronic check,Priority outreach + long-term contract incentive
6023-YEBUP,0.8726324979316271,Very High,3,Month-to-month,100.95,No,No,Electronic check,Priority outreach + long-term contract incentive
8603-IJWDN,0.871543801022193,Very High,1,Month-to-month,86.6,No,No,Electronic check,Priority outreach + long-term contract incentive
4912-PIGUY,0.8707608065775873,Very High,1,Month-to-month,84.6,No,No,Electronic check,Priority outreach + long-term contract incentive
1415-YFWLT,0.8697984809344635,Very High,1,Month-to-month,89.3,No,No,Electronic check,Priority outreach + long-term contract incentive
8884-ADFVN,0.867932084265249,Very High,7,Month-to-month,101.95,No,No,Electronic check,Priority outreach + long-term contract incentive
6861-XWTWQ,0.867932084265249,Very High,7,Month-to-month,99.25,No,No,Electronic check,Priority outreach + long-term contract incentive
8580-AECUZ,0.865761953779531,Very High,1,Month-to-month,79.1,No,No,Electronic check,Priority outreach + long-term contract incentive
6567-HOOPW,0.865761953779531,Very High,1,Month-to-month,79.2,No,No,Electronic check,Priority outreach + long-term contract incentive
6230-BSUXY,0.8654686013969602,Very High,1,Month-to-month,85.0,No,No,Electronic check,Priority outreach + long-term contract incentive
0723-DRCLG,0.86340774805934,Very High,1,Month-to-month,74.45,No,No,Electronic check,Priority outreach + long-term contract incentive
1833-VGRUM,0.86340774805934,Very High,1,Month-to-month,74.2,No,No,Electronic check,Priority outreach + long-term contract incentive
8473-VUVJN,0.86340774805934,Very High,1,Month-to-month,73.65,No,No,Electronic check,Priority outreach + long-term contract incentive
0021-IKXGC,0.86340774805934,Very High,1,Month-to-month,72.1,No,No,Electronic check,Priority outreach + long-term contract incentive
6513-EECDB,0.86340774805934,Very High,1,Month-to-month,73.55,No,No,Electronic check,Priority outreach + long-term contract incentive
3551-HUAZH,0.86340774805934,Very High,1,Month-to-month,74.4,No,No,Electronic check,Priority outreach + long-term contract incentive
4102-OQUPX,0.86340774805934,Very High,1,Month-to-month,74.4,No,No,Electronic check,Priority outreach + long-term contract incentive
5240-IJOQT,0.86340774805934,Very High,1,Month-to-month,74.7,No,No,Electronic check,Priority outreach + long-term contract incentive
0970-ETWGE,0.8620539721200251,Very High,1,Month-to-month,89.55,No,No,Electronic check,Priority outreach + long-term contract incentive
3027-ZTDHO,0.8620539721200251,Very High,1,Month-to-month,89.9,No,No,Electronic check,Priority outreach + long-term contract incentive
2725-KXXWT,0.8620539721200251,Very High,1,Month-to-month,90.75,No,No,Electronic check,Priority outreach + long-term contract incentive
7274-RTAPZ,0.8620539721200251,Very High,1,Month-to-month,90.55,No,No,Electronic check,Priority outreach + long-term contract incentive
9725-SCPZG,0.8616343611518509,Very High,1,Month-to-month,90.85,No,No,Electronic check,Priority outreach + long-term contract incentive
1941-HOSAM,0.8616343611518509,Very High,1,Month-to-month,90.1,No,No,Electronic check,Priority outreach + long-term contract incentive
4988-IQIGL,0.8611037116503335,Very High,1,Month-to-month,75.35,No,No,Electronic check,Priority outreach + long-term contract incentive
8062-YBDOE,0.8578364507339907,Very High,1,Month-to-month,69.65,No,No,Electronic check,Priority outreach + long-term contract incentive
7206-GZCDC,0.8578364507339907,Very High,1,Month-to-month,69.25,No,No,Electronic check,Priority outreach + long-term contract incentive
5539-TMZLF,0.8578364507339907,Very High,1,Month-to-month,69.75,No,No,Electronic check,Priority outreach + long-term contract incentive
8000-REIQB,0.8578364507339907,Very High,1,Month-to-month,69.95,No,No,Electronic check,Priority outreach + long-term contract incentive
4871-JTKJF,0.8578364507339907,Very High,1,Month-to-month,69.65,No,No,Electronic check,Priority outreach + long-term contract incentive
2506-TNFCO,0.8578364507339907,Very High,1,Month-to-month,69.55,No,No,Electronic check,Priority outreach + long-term contract incentive
8375-DKEBR,0.8578364507339907,Very High,1,Month-to-month,69.6,No,No,Electronic check,Priority outreach + long-term contract incentive
2636-ALXXZ,0.8578364507339907,Very High,1,Month-to-month,69.6,No,No,Electronic check,Priority outreach + long-term contract incentive
5550-VFRLC,0.8578364507339907,Very High,1,Month-to-month,69.85,No,No,Electronic check,Priority outreach + long-term contract incentive
0679-IDSTG,0.8574061327810469,Very High,1,Month-to-month,69.25,No,No,Electronic check,Priority outreach + long-term contract incentive
7024-OHCCK,0.8568893510007267,Very High,2,Month-to-month,93.85,No,No,Electronic check,Priority outreach + long-term contract incentive
4424-TKOPW,0.8568893510007267,Very High,2,Month-to-month,93.85,No,No,Electronic check,Priority outreach + long-term contract incentive
2720-WGKHP,0.8568893510007267,Very High,2,Month-to-month,94.0,No,No,Electronic check,Priority outreach + long-term contract incentive
4822-RVYBB,0.8561605557761482,Very High,8,Month-to-month,100.6,No,No,Electronic check,Priority outreach + long-term contract incentive
0781-LKXBR,0.8561605557761482,Very High,9,Month-to-month,100.5,No,No,Electronic check,Priority outreach + long-term contract incentive
7493-TPUWZ,0.8546893896239098,Very High,1,Month-to-month,79.15,No,No,Electronic check,Priority outreach + long-term contract incentive
6894-LFHLY,0.8541792202857146,Very High,1,Month-to-month,75.75,No,No,Electronic check,Priority outreach + long-term contract incentive
9248-OJYKK,0.8541792202857146,Very High,1,Month-to-month,76.45,No,No,Electronic check,Priority outreach + long-term contract incentive
5567-WSELE,0.853982491971266,Very High,3,Month-to-month,94.6,No,No,Electronic check,Priority outreach + long-term contract incentive
1374-DMZUI,0.853982491971266,Very High,4,Month-to-month,94.3,No,No,Electronic check,Priority outreach + long-term contract incentive
8098-LLAZX,0.853982491971266,Very High,4,Month-to-month,95.45,No,No,Electronic check,Priority outreach + long-term contract incentive
5150-ITWWB,0.853982491971266,Very High,3,Month-to-month,94.85,No,No,Electronic check,Priority outreach + long-term contract incentive
3158-MOERK,0.8523759968465305,Very High,2,Month-to-month,96.0,No,No,Electronic check,Priority outreach + long-term contract incentive
5299-SJCZT,0.8502698286252264,Very High,3,Month-to-month,101.55,No,No,Bank transfer (automatic),Priority outreach + long-term contract incentive
7851-WZEKY,0.8498135280532481,Very High,2,Month-to-month,95.15,No,No,Electronic check,Priority outreach + long-term contract incentive
9057-SIHCH,0.8493935754777203,Very High,3,Month-to-month,96.6,No,No,Electronic check,Priority outreach + long-term contract incentive
9305-CDSKC,0.8482620748439742,Very High,8,Month-to-month,99.65,No,No,Electronic check,Priority outreach + long-term contract incentive
1455-UGQVH,0.8482620748439742,Very High,10,Month-to-month,98.5,No,No,Electronic check,Priority outreach + long-term contract incentive
2968-SSGAA,0.8482620748439742,Very High,10,Month-to-month,100.6,No,No,Electronic check,Priority outreach + long-term contract incentive
9124-LHCJQ,0.8480797794508823,Very High,1,Month-to-month,85.45,No,No,Mailed check,Priority outreach + long-term contract incentive
3722-WPXTK,0.8480121525460146,Very High,1,Month-to-month,88.35,No,No,Electronic check,Priority outreach + long-term contract incentive
7577-SWIFR,0.8480121525460146,Very High,1,Month-to-month,89.25,No,No,Electronic check,Priority outreach + long-term contract incentive
1455-ESIQH,0.8480121525460146,Very High,1,Month-to-month,89.1,No,No,Electronic check,Priority outreach + long-term contract incentive
0495-RVCBF,0.8478109839038572,Very High,1,Month-to-month,79.7,No,No,Electronic check,Priority outreach + long-term contract incentive
2868-MZAGQ,0.8478109839038572,Very High,1,Month-to-month,79.25,No,No,Electronic check,Priority outreach + long-term contract incentive
4273-MBHYA,0.8475573817193259,Very High,1,Month-to-month,89.35,No,No,Electronic check,Priority outreach + long-term contract incentive
7594-RQHXR,0.847355719498295,Very High,1,Month-to-month,79.6,No,No,Electronic check,Priority outreach + long-term contract incentive
4587-VVTOX,0.8473209516049829,Very High,6,Month-to-month,105.3,No,No,Electronic check,Priority outreach + long-term contract incentive
1875-QIVME,0.8473060788788175,Very High,2,Month-to-month,104.4,Yes,No,Electronic check,Priority outreach + long-term contract incentive
3049-SOLAY,0.8467886428846224,Very High,3,Month-to-month,95.2,No,No,Electronic check,Priority outreach + long-term contract incentive
7903-CMPEY,0.8463252330123848,Very High,1,Month-to-month,80.3,No,Yes,Electronic check,Priority outreach + long-term contract incentive
4844-JJWUY,0.8456063415017011,Very High,1,Month-to-month,86.0,No,No,Electronic check,Priority outreach + long-term contract incentive
2446-BEGGB,0.8451154574289576,Very High,6,Month-to-month,98.25,No,No,Electronic check,Priority outreach + long-term contract incentive
6496-SLWHQ,0.8451154574289576,Very High,3,Month-to-month,105.0,No,No,Electronic check,Priority outreach + long-term contract incentive
1400-MMYXY,0.8451154574289576,Very High,3,Month-to-month,105.9,No,No,Electronic check,Priority outreach + long-term contract incentive
5167-ZFFMM,0.8448010142204,Very High,1,Month-to-month,90.85,No,No,Credit card (automatic),Priority outreach + long-term contract incentive
9300-RENDD,0.843421789743219,Very High,1,Month-to-month,79.95,No,No,Electronic check,Priority outreach + long-term contract incentive
1761-AEZZR,0.843421789743219,Very High,1,Month-to-month,79.55,No,No,Electronic check,Priority outreach + long-term contract incentive
2514-GINMM,0.843421789743219,Very High,1,Month-to-month,79.5,No,No,Electronic check,Priority outreach + long-term contract incentive
8058-INTPH,0.843421789743219,Very High,1,Month-to-month,79.65,No,No,Electronic check,Priority outreach + long-term contract incentive
5960-WPXQM,0.843421789743219,Very High,1,Month-to-month,79.05,No,No,Electronic check,Priority outreach + long-term contract incentive
5494-HECPR,0.843421789743219,Very High,1,Month-to-month,80.25,No,No,Electronic check,Priority outreach + long-term contract incentive
8740-CRYFY,0.843421789743219,Very High,1,Month-to-month,78.95,No,No,Electronic check,Priority outreach + long-term contract incentive
5919-TMRGD,0.8429558274605502,Very High,1,Month-to-month,79.35,No,No,Electronic check,Priority outreach + long-term contract incentive
8816-VXNZD,0.8407478603098908,Very High,1,Month-to-month,75.1,No,No,Electronic check,Priority outreach + long-term contract incentive
6358-LYNGM,0.8407478603098908,Very High,1,Month-to-month,74.9,No,No,Electronic check,Priority outreach + long-term contract incentive
1452-VOQCH,0.8407478603098908,Very High,1,Month-to-month,75.1,No,No,Electronic check,Priority outreach + long-term contract incentive
9787-XVQIU,0.8407478603098908,Very High,1,Month-to-month,75.3,No,No,Electronic check,Priority outreach + long-term contract incentive
4415-IJZTP,0.8407478603098908,Very High,1,Month-to-month,74.5,No,No,Electronic check,Priority outreach + long-term contract incentive
1157-BQCUW,0.8407478603098908,Very High,1,Month-to-month,74.95,No,No,Electronic check,Priority outreach + long-term contract incentive
4614-NUVZD,0.8399217117228047,Very High,1,Month-to-month,81.1,No,No,Electronic check,Priority outreach + long-term contract incentive
2004-OCQXK,0.8399217117228047,Very High,1,Month-to-month,81.95,No,No,Electronic check,Priority outreach + long-term contract incentive
6457-USBER,0.8399217117228047,Very High,1,Month-to-month,80.8,No,No,Electronic check,Priority outreach + long-term contract incentive
2018-QKYGT,0.8394473162903698,Very High,1,Month-to-month,81.05,No,No,Electronic check,Priority outreach + long-term contract incentive
2656-TABEH,0.839199231213386,Very High,4,Month-to-month,100.2,No,No,Electronic check,Priority outreach + long-term contract incentive
2202-CUYXZ,0.8385890021589861,Very High,1,Month-to-month,84.85,No,No,Electronic check,Priority outreach + long-term contract incentive
5597-GLBUC,0.8385890021589861,Very High,1,Month-to-month,85.45,No,No,Electronic check,Priority outreach + long-term contract incentive
5834-ASPWA,0.8381332548717882,Very High,1,Month-to-month,75.45,No,No,Electronic check,Priority outreach + long-term contract incentive
2982-IHMFT,0.8367483195807006,Very High,1,Month-to-month,74.45,No,No,Mailed check,Priority outreach + long-term contract incentive
7503-ZGUZJ,0.8360592867939388,Very High,1,Month-to-month,84.65,No,No,Mailed check,Priority outreach + long-term contract incentive
6618-RYATB,0.835845360022218,Very High,1,Month-to-month,79.55,No,No,Mailed check,Priority outreach + long-term contract incentive
0318-QUUOB,0.8353491755829293,Very High,1,Month-to-month,80.55,No,No,Electronic check,Priority outreach + long-term contract incentive
7439-DKZTW,0.8353491755829293,Very High,1,Month-to-month,80.55,No,No,Electronic check,Priority outreach + long-term contract incentive
8161-QYMTT,0.8352746055797826,Very High,7,Month-to-month,94.1,No,No,Electronic check,Priority outreach + long-term contract incentive
4626-GYCZP,0.8352746055797826,Very High,7,Month-to-month,93.85,No,No,Electronic check,Priority outreach + long-term contract incentive
7180-PISOG,0.8320593762732246,Very High,1,Month-to-month,74.5,No,No,Electronic check,Priority outreach + long-term contract incentive
8372-JUXUI,0.8320593762732246,Very High,1,Month-to-month,74.35,No,No,Electronic check,Priority outreach + long-term contract incentive
6356-ELRKD,0.8314407927986878,Very High,1,Month-to-month,95.6,No,Yes,Electronic check,Priority outreach + long-term contract incentive
0684-AOSIH,0.8314407927986878,Very High,1,Month-to-month,95.0,No,Yes,Electronic check,Priority outreach + long-term contract incentive
6857-VWJDT,0.8308620723554145,Very High,1,Month-to-month,95.65,No,No,Mailed check,Priority outreach + long-term contract incentive
8775-ERLNB,0.8302934235868161,Very High,1,Month-to-month,74.3,No,No,Electronic check,Priority outreach + long-term contract incentive
2609-IAICY,0.830289295990755,Very High,1,Month-to-month,77.15,No,No,Electronic check,Priority outreach + long-term contract incentive
1846-XWOQN,0.8297633820584471,Very High,1,Month-to-month,70.15,No,No,Electronic check,Priority outreach + long-term contract incentive
9605-WGJVW,0.8297633820584471,Very High,1,Month-to-month,70.2,No,No,Electronic check,Priority outreach + long-term contract incentive
9603-OAIHC,0.8297633820584471,Very High,1,Month-to-month,70.05,No,No,Electronic check,Priority outreach + long-term contract incentive
3878-AVSOQ,0.8297633820584471,Very High,1,Month-to-month,71.25,No,No,Electronic check,Priority outreach + long-term contract incentive
1363-TXLSL,0.8297633820584471,Very High,1,Month-to-month,70.3,No,No,Electronic check,Priority outreach + long-term contract incentive
9488-HGMJH,0.8297633820584471,Very High,1,Month-to-month,71.15,No,No,Electronic check,Priority outreach + long-term contract incentive
8051-HJRLT,0.8297633820584471,Very High,1,Month-to-month,70.55,No,No,Electronic check,Priority outreach + long-term contract incentive
8644-XLFBW,0.8297633820584471,Very High,1,Month-to-month,71.65,No,No,Electronic check,Priority outreach + long-term contract incentive
2660-EMUBI,0.829345416501793,Very High,10,Month-to-month,95.35,No,No,Electronic check,Priority outreach + long-term contract incentive
7409-KIUTL,0.82926500167302,Very High,1,Month-to-month,71.0,No,No,Electronic check,Priority outreach + long-term contract incentive
5186-SAMNZ,0.8289528971984647,Very High,1,Month-to-month,69.5,No,No,Bank transfer (automatic),Priority outreach + long-term contract incentive
3811-VBYBZ,0.827231207923283,Very High,7,Month-to-month,99.8,No,No,Electronic check,Priority outreach + long-term contract incentive
9223-UCPVT,0.8247848558890035,Very High,1,Month-to-month,94.4,No,No,Electronic check,Priority outreach + long-term contract incentive
5052-PNLOS,0.8246768234183808,Very High,3,Month-to-month,105.35,No,No,Bank transfer (automatic),Priority outreach + long-term contract incentive
1628-BIZYP,0.8244961923362265,Very High,1,Month-to-month,85.0,No,No,Electronic check,Priority outreach + long-term contract incentive
3871-IKPYH,0.8236473407828074,Very High,1,Month-to-month,69.1,No,No,Electronic check,Priority outreach + long-term contract incentive
7120-RFMVS,0.8212479596029476,Very High,1,Month-to-month,84.5,No,No,Electronic check,Priority outreach + long-term contract incentive
0702-PGIBZ,0.821235119632372,Very High,4,Month-to-month,101.7,No,No,Electronic check,Priority outreach + long-term contract incentive
6108-OQZDQ,0.821235119632372,Very High,4,Month-to-month,97.95,No,No,Electronic check,Priority outreach + long-term contract incentive
3387-VATUS,0.8208201230681713,Very High,5,Month-to-month,94.85,No,No,Bank transfer (automatic),Priority outreach + long-term contract incentive
5380-AFSSK,0.8208201230681713,Very High,5,Month-to-month,93.9,No,No,Mailed check,Priority outreach + long-term contract incentive
9885-CSMWE,0.820441835112828,Very High,1,Month-to-month,78.45,No,No,Electronic check,Priority outreach + long-term contract incentive
0137-OCGAB,0.819903636356599,Very High,1,Month-to-month,80.2,No,No,Mailed check,Priority outreach + long-term contract incentive
2254-DLXRI,0.819903636356599,Very High,1,Month-to-month,79.15,No,No,Mailed check,Priority outreach + long-term contract incentive
3389-YGYAI,0.8192988485859561,Very High,8,Month-to-month,105.5,No,No,Electronic check,Priority outreach + long-term contract incentive
0564-JJHGS,0.8185017680798525,Very High,9,Month-to-month,95.5,No,No,Electronic check,Priority outreach + long-term contract incentive
7943-RQCHR,0.8185017680798525,Very High,9,Month-to-month,94.75,No,No,Electronic check,Priority outreach + long-term contract incentive
2012-NWRPA,0.8163610430171059,Very High,11,Month-to-month,99.55,No,No,Electronic check,Priority outreach + long-term contract incentive
5275-SQEIZ,0.8157227172446437,Very High,1,Month-to-month,80.85,No,No,Mailed check,Priority outreach + long-term contract incentive
9546-CQJSU,0.8153652357838811,Very High,2,Month-to-month,91.4,No,No,Electronic check,Priority outreach + long-term contract incentive
4927-WWOOZ,0.8153652357838811,Very High,2,Month-to-month,91.45,No,No,Electronic check,Priority outreach + long-term contract incentive
3006-XIMLN,0.8148609876427785,Very High,2,Month-to-month,94.2,No,No,Bank transfer (automatic),Priority outreach + long-term contract incentive
6772-KSATR,0.812462776550244,Very High,1,Month-to-month,81.7,No,Yes,Electronic check,Priority outreach + long-term contract incentive
2462-XIIJB,0.8118001853766966,Very High,5,Month-to-month,92.5,No,No,Electronic check,Priority outreach + long-term contract incentive
9507-EXLTT,0.8110882856197447,Very High,1,Month-to-month,79.35,No,No,Bank transfer (automatic),Priority outreach + long-term contract incentive
8821-XNHVZ,0.8105477154237177,Very High,1,Month-to-month,80.05,No,No,Mailed check,Priority outreach + long-term contract incentive
0742-NXBGR,0.8103122212785154,Very High,1,Month-to-month,82.3,No,No,Electronic check,Priority outreach + long-term contract incentive
0655-RBDUG,0.8102956780251226,Very High,7,Month-to-month,98.05,No,No,Bank transfer (automatic),Priority outreach + long-term contract incentive
1977-STDKI,0.8099481499875487,Very High,1,Month-to-month,73.0,No,No,Electronic check,Priority outreach + long-term contract incentive
7294-TMAOP,0.8099335476585182,Very High,1,Month-to-month,90.55,No,No,Electronic check,Priority outreach + long-term contract incentive
5797-APWZC,0.8099335476585182,Very High,1,Month-to-month,90.6,No,No,Electronic check,Priority outreach + long-term contract incentive
7234-FECYN,0.809817411867522,Very High,8,Month-to-month,101.35,No,No,Electronic check,Priority outreach + long-term contract incentive
4078-SAYYN,0.8067703438146248,Very High,11,Month-to-month,100.75,No,No,Electronic check,Priority outreach + long-term contract incentive
0897-FEGMU,0.8067703438146248,Very High,11,Month-to-month,99.5,No,No,Electronic check,Priority outreach + long-term contract incentive
5277-ZLOOR,0.806659220858187,Very High,2,Month-to-month,85.55,No,No,Electronic check,Priority outreach + long-term contract incentive
0390-DCFDQ,0.8062754303788997,Very High,1,Month-to-month,70.45,No,No,Mailed check,Priority outreach + long-term contract incentive
8309-IEYJD,0.8062754303788997,Very High,1,Month-to-month,70.6,No,No,Mailed check,Priority outreach + long-term contract incentive
0235-KGSLC,0.8054876797493123,Very High,1,Month-to-month,85.55,No,No,Credit card (automatic),Priority outreach + long-term contract incentive
2545-EBUPK,0.804800510785154,Very High,2,Month-to-month,84.05,No,No,Electronic check,Priority outreach + long-term contract incentive
2865-TCHJW,0.8029666907352468,Very High,4,Month-to-month,89.2,No,No,Electronic check,Priority outreach + long-term contract incentive
6996-KNSML,0.8027968823393411,Very High,1,Month-to-month,74.9,No,No,Electronic check,Priority outreach + long-term contract incentive
6502-MJQAE,0.8027968823393411,Very High,1,Month-to-month,69.6,No,No,Electronic check,Priority outreach + long-term contract incentive
5542-TBBWB,0.8027968823393411,Very High,1,Month-to-month,69.9,No,No,Electronic check,Priority outreach + long-term contract incentive
7465-ZZRVX,0.8027968823393411,Very High,1,Month-to-month,70.35,No,No,Electronic check,Priority outreach + long-term contract incentive
4702-IOQDC,0.8027968823393411,Very High,1,Month-to-month,70.1,No,No,Electronic check,Priority outreach + long-term contract incentive
4603-JANFB,0.8027968823393411,Very High,1,Month-to-month,69.85,No,No,Electronic check,Priority outreach + long-term contract incentive
1640-PLFMP,0.8027968823393411,Very High,1,Month-to-month,70.25,No,No,Electronic check,Priority outreach + long-term contract incentive
9728-FTTVZ,0.8027968823393411,Very High,1,Month-to-month,69.2,No,No,Electronic check,Priority outreach + long-term contract incentive
7254-IQWOZ,0.8027968823393411,Very High,1,Month-to-month,69.65,No,No,Electronic check,Priority outreach + long-term contract incentive
1031-IIDEO,0.8027968823393411,Very High,1,Month-to-month,70.85,No,No,Electronic check,Priority outreach + long-term contract incentive
9804-ICWBG,0.8027968823393411,Very High,1,Month-to-month,69.9,No,No,Electronic check,Priority outreach + long-term contract incentive
7665-TOALD,0.8027968823393411,Very High,1,Month-to-month,69.6,No,No,Electronic check,Priority outreach + long-term contract incentive
1447-GIQMR,0.8027968823393411,Very High,1,Month-to-month,69.15,No,No,Electronic check,Priority outreach + long-term contract incentive
0488-GSLFR,0.8027968823393411,Very High,1,Month-to-month,69.5,No,No,Electronic check,Priority outreach + long-term contract incentive
6457-GIRWB,0.8027968823393411,Very High,1,Month-to-month,69.35,No,No,Electronic check,Priority outreach + long-term contract incentive
4510-HIMLV,0.8027968823393411,Very High,1,Month-to-month,69.8,No,No,Electronic check,Priority outreach + long-term contract incentive
3428-XZMAZ,0.8027968823393411,Very High,1,Month-to-month,69.35,No,No,Electronic check,Priority outreach + long-term contract incentive
0328-GRPMV,0.8027968823393411,Very High,1,Month-to-month,70.1,No,No,Electronic check,Priority outreach + long-term contract incentive
7660-HDPJV,0.8027968823393411,Very High,1,Month-to-month,69.2,No,No,Electronic check,Priority outreach + long-term contract incentive
3494-JCHRQ,0.8027968823393411,Very High,1,Month-to-month,70.05,No,No,Electronic check,Priority outreach + long-term contract incentive
1820-TQVEV,0.8027968823393411,Very High,1,Month-to-month,69.55,No,No,Electronic check,Priority outreach + long-term contract incentive
5376-DEQCP,0.8027968823393411,Very High,1,Month-to-month,70.6,No,No,Electronic check,Priority outreach + long-term contract incentive
2446-PLQVO,0.8027968823393411,Very High,1,Month-to-month,70.3,No,No,Electronic check,Priority outreach + long-term contract incentive
3244-DCJWY,0.8027968823393411,Very High,1,Month-to-month,70.25,No,No,Electronic check,Priority outreach + long-term contract incentive
6653-CBBOM,0.8027968823393411,Very High,1,Month-to-month,70.3,No,No,Electronic check,Priority outreach + long-term contract incentive
5875-YPQFJ,0.8027968823393411,Very High,1,Month-to-month,69.9,No,No,Electronic check,Priority outreach + long-term contract incentive
4806-HIPDW,0.8027968823393411,Very High,1,Month-to-month,68.95,No,No,Electronic check,Priority outreach + long-term contract incentive
3716-BDVDB,0.8027968823393411,Very High,1,Month-to-month,69.1,No,No,Electronic check,Priority outreach + long-term contract incentive
6416-TVAIH,0.8022383712130158,Very High,1,Month-to-month,68.5,No,No,Electronic check,Priority outreach + long-term contract incentive
4550-EVXNY,0.8022383712130158,Very High,1,Month-to-month,69.65,No,No,Electronic check,Priority outreach + long-term contract incentive
1853-UDXBW,0.8022383712130158,Very High,1,Month-to-month,70.0,No,No,Electronic check,Priority outreach + long-term contract incentive
5134-IKDAY,0.8022383712130158,Very High,1,Month-to-month,69.8,No,No,Electronic check,Priority outreach + long-term contract incentive
3422-LYEPQ,0.8022383712130158,Very High,1,Month-to-month,71.0,No,No,Electronic check,Priority outreach + long-term contract incentive
8380-PEFPE,0.8022383712130158,Very High,1,Month-to-month,71.65,No,No,Electronic check,Priority outreach + long-term contract incentive
4132-KALRO,0.8014680369241155,Very High,4,Month-to-month,100.85,Yes,No,Mailed check,Priority outreach + long-term contract incentive
6350-XFYGW,0.8011017607718751,Very High,4,Month-to-month,94.75,No,No,Electronic check,Priority outreach + long-term contract incentive
3319-DWOEP,0.8011017607718751,Very High,6,Month-to-month,95.75,No,No,Electronic check,Priority outreach + long-term contract incentive
4750-ZRXIU,0.8010812358052034,Very High,4,Month-to-month,84.6,No,No,Electronic check,Priority outreach + long-term contract incentive
0196-VULGZ,0.8010812358052034,Very High,6,Month-to-month,84.35,No,No,Electronic check,Priority outreach + long-term contract incentive
4695-WJZUE,0.8005803020932163,Very High,2,Month-to-month,88.55,No,No,Electronic check,Priority outreach + long-term contract incentive
3276-HDUEG,0.7998401064051994,Very High,1,Month-to-month,75.05,No,No,Mailed check,Priority outreach + long-term contract incentive
3707-GNWHM,0.7998401064051994,Very High,1,Month-to-month,74.25,No,No,Mailed check,Priority outreach + long-term contract incentive
3746-EUBYR,0.7998401064051994,Very High,1,Month-to-month,74.6,No,No,Bank transfer (automatic),Priority outreach + long-term contract incentive
6630-UJZMY,0.7991830793403775,Very High,4,Month-to-month,83.25,No,No,Electronic check,Priority outreach + long-term contract incentive
1450-GALXR,0.7989606180529527,Very High,10,Month-to-month,98.5,Yes,No,Electronic check,Priority outreach + long-term contract incentive
1579-KLYDT,0.7982830857886946,Very High,7,Month-to-month,90.45,No,No,Electronic check,Priority outreach + long-term contract incentive
3489-HHPFY,0.7976862361263638,Very High,2,Month-to-month,84.05,No,No,Electronic check,Priority outreach + long-term contract incentive
0259-GBZSH,0.7976862361263638,Very High,2,Month-to-month,85.65,No,No,Electronic check,Priority outreach + long-term contract incentive
3776-EKTKM,0.7971131078357314,Very High,1,Month-to-month,36.45,No,No,Electronic check,Priority outreach + long-term contract incentive
7450-NWRTR,0.7969527702390908,Very High,12,Month-to-month,99.45,No,No,Electronic check,Priority outreach + long-term contract incentive
1273-MTETI,0.7968009188533643,Very High,4,Month-to-month,88.85,No,No,Electronic check,Priority outreach + long-term contract incentive
2265-CYWIV,0.7967833022656524,Very High,4,Month-to-month,99.6,No,Yes,Electronic check,Priority outreach + long-term contract incentive
5564-NEMQO,0.7965290382943055,Very High,1,Month-to-month,75.3,No,No,Bank transfer (automatic),Priority outreach + long-term contract incentive
3049-NDXFL,0.7960464468559137,Very High,1,Month-to-month,85.8,No,No,Mailed check,Priority outreach + long-term contract incentive
0754-UKWQP,0.7957840375943197,Very High,2,Month-to-month,95.85,No,No,Electronic check,Priority outreach + long-term contract incentive
8779-QRDMV,0.7940240949497761,Very High,1,Month-to-month,39.65,No,No,Electronic check,Priority outreach + long-term contract incentive
8739-XNIKG,0.7938661271331079,Very High,5,Month-to-month,84.0,No,No,Electronic check,Priority outreach + long-term contract incentive
4548-SDBKE,0.7938661271331079,Very High,5,Month-to-month,85.2,No,No,Electronic check,Priority outreach + long-term contract incentive
7488-MXJIV,0.7938661271331079,Very High,4,Month-to-month,85.65,No,No,Electronic check,Priority outreach + long-term contract incentive
4192-GORJT,0.7919373795539842,Very High,5,Month-to-month,94.45,No,No,Electronic check,Priority outreach + long-term contract incentive
8593-WHYHV,0.7919161545280663,Very High,3,Month-to-month,85.3,No,No,Electronic check,Priority outreach + long-term contract incentive
0880-TKATG,0.7917023989514022,Very High,4,Month-to-month,101.15,No,No,Electronic check,Priority outreach + long-term contract incentive
5393-RXQSZ,0.7916099977407048,Very High,1,Month-to-month,79.6,No,No,Electronic check,Priority outreach + long-term contract incentive
1285-OKIPP,0.7916099977407048,Very High,1,Month-to-month,79.9,No,No,Electronic check,Priority outreach + long-term contract incentive
1143-NMNQJ,0.791398150659136,Very High,2,Month-to-month,85.7,No,No,Electronic check,Priority outreach + long-term contract incentive
6474-FVJLC,0.791398150659136,Very High,2,Month-to-month,86.0,No,No,Electronic check,Priority outreach + long-term contract incentive
6969-MVBAI,0.7913550046684735,Very High,9,Month-to-month,90.1,No,No,Electronic check,Priority outreach + long-term contract incentive
1448-PWKYE,0.7910280508047252,Very High,1,Month-to-month,80.0,No,No,Electronic check,Priority outreach + long-term contract incentive
1624-NALOJ,0.7904058026221232,Very High,5,Month-to-month,89.8,No,No,Electronic check,Priority outreach + long-term contract incentive
3727-RJMEO,0.7899534729161468,Very High,6,Month-to-month,82.85,No,No,Electronic check,Priority outreach + long-term contract incentive
2205-YMZZJ,0.7889800611207236,Very High,7,Month-to-month,84.8,No,No,Electronic check,Priority outreach + long-term contract incentive
0697-ZMSWS,0.7874909404854048,Very High,4,Month-to-month,85.65,No,No,Electronic check,Priority outreach + long-term contract incentive
7330-WZLNC,0.787403290606556,Very High,5,Month-to-month,90.8,No,No,Electronic check,Priority outreach + long-term contract incentive
6892-EZDTG,0.787403290606556,Very High,4,Month-to-month,91.65,No,No,Electronic check,Priority outreach + long-term contract incentive
3462-BJQQA,0.787403290606556,Very High,6,Month-to-month,89.75,No,No,Electronic check,Priority outreach + long-term contract incentive
8780-IXSTS,0.787403290606556,Very High,6,Month-to-month,90.1,No,No,Electronic check,Priority outreach + long-term contract incentive
3643-AHCFP,0.7860507142658181,Very High,7,Month-to-month,95.6,No,No,Bank transfer (automatic),Priority outreach + long-term contract incentive
9019-QVLZD,0.7860090554814682,Very High,1,Month-to-month,79.55,No,No,Electronic check,Priority outreach + long-term contract incentive
4929-XIHVW,0.7838557551444196,Very High,2,Month-to-month,95.5,No,No,Credit card (automatic),Priority outreach + long-term contract incentive
9957-YODKZ,0.7831282596407251,Very High,6,Month-to-month,80.8,No,No,Electronic check,Priority outreach + long-term contract incentive
8972-HJWNV,0.7829035923701645,Very High,7,Month-to-month,84.55,No,No,Electronic check,Priority outreach + long-term contract incentive
2867-UIMSS,0.7815579878347304,Very High,1,Month-to-month,80.5,No,No,Electronic check,Priority outreach + long-term contract incentive
8622-ZLFKO,0.7808833941204348,Very High,6,Month-to-month,90.75,No,No,Electronic check,Priority outreach + long-term contract incentive
4228-ZGYUW,0.7808833941204348,Very High,4,Month-to-month,90.05,No,No,Electronic check,Priority outreach + long-term contract incentive
8337-UPOAQ,0.7808017812627328,Very High,10,Month-to-month,89.8,No,No,Electronic check,Priority outreach + long-term contract incentive
4274-OWWYO,0.7806724769490405,Very High,1,Month-to-month,74.35,No,No,Electronic check,Priority outreach + long-term contract incentive
3765-JXVKY,0.7806724769490405,Very High,1,Month-to-month,74.7,No,No,Electronic check,Priority outreach + long-term contract incentive
1925-TIBLE,0.779410955139311,Very High,7,Month-to-month,86.5,No,No,Electronic check,Priority outreach + long-term contract incentive
9025-AOMKI,0.7790704549528203,Very High,6,Month-to-month,93.55,No,No,Bank transfer (automatic),Priority outreach + long-term contract incentive
3097-NQYSN,0.7777803036001522,Very High,2,Month-to-month,86.85,No,No,Mailed check,Priority outreach + long-term contract incentive
8357-EQXFO,0.7773848815315048,Very High,7,Month-to-month,95.35,No,No,Electronic check,Priority outreach + long-term contract incentive
4952-YSOGZ,0.7766686880884047,Very High,4,Month-to-month,85.95,No,No,Electronic check,Priority outreach + long-term contract incentive
7398-SKNQZ,0.776277085885964,Very High,3,Month-to-month,94.9,No,No,Electronic check,Priority outreach + long-term contract incentive
8945-GRKHX,0.7760267766467128,Very High,1,Month-to-month,78.65,No,No,Electronic check,Priority outreach + long-term contract incentive
7938-OUHIO,0.7752318234516443,Very High,3,Month-to-month,98.7,Yes,No,Electronic check,Priority outreach + long-term contract incentive
3296-SILRA,0.7752024352164535,Very High,1,Month-to-month,76.4,No,No,Mailed check,Priority outreach + long-term contract incentive
7526-BEZQB,0.7746182052948566,Very High,12,Month-to-month,96.05,No,No,Electronic check,Priority outreach + long-term contract incentive
1724-BQUHA,0.773931153816405,Very High,5,Month-to-month,89.5,No,No,Electronic check,Priority outreach + long-term contract incentive
8414-MYSHR,0.773931153816405,Very High,5,Month-to-month,91.4,No,No,Electronic check,Priority outreach + long-term contract incentive
0812-WUPTB,0.7723238206222536,Very High,1,Month-to-month,70.85,No,No,Mailed check,Priority outreach + long-term contract incentive
9172-ANCRX,0.7722195878524641,Very High,10,Month-to-month,98.7,No,Yes,Electronic check,Priority outreach + long-term contract incentive
1304-NECVQ,0.7718917501778159,Very High,2,Month-to-month,78.55,No,No,Electronic check,Priority outreach + long-term contract incentive
5419-CONWX,0.771661995418487,Very High,4,Month-to-month,99.8,No,No,Credit card (automatic),Priority outreach + long-term contract incentive
6086-ESGRL,0.7714143852702723,Very High,1,Month-to-month,80.15,No,No,Credit card (automatic),Priority outreach + long-term contract incentive
6702-OHFWR,0.771195975469828,Very High,1,Month-to-month,43.3,No,No,Electronic check,Priority outreach + long-term contract incentive
9399-APLBT,0.7711739384823336,Very High,1,Month-to-month,74.7,No,No,Electronic check,Priority outreach + long-term contract incentive
2081-VEYEH,0.7711483451754234,Very High,3,Month-to-month,107.95,Yes,No,Electronic check,Priority outreach + long-term contract incentive
5519-NPHVG,0.7710685206428475,Very High,12,Month-to-month,94.2,No,No,Electronic check,Priority outreach + long-term contract incentive
2982-VPSGI,0.7710685206428475,Very High,11,Month-to-month,94.0,No,No,Electronic check,Priority outreach + long-term contract incentive
3801-HMYNL,0.771067854292391,Very High,1,Month-to-month,89.15,No,No,Mailed check,Priority outreach + long-term contract incentive
1075-BGWOH,0.7708815589290646,Very High,16,Month-to-month,98.75,No,No,Electronic check,Priority outreach + long-term contract incentive
2777-PHDEI,0.770751904294026,Very High,1,Month-to-month,78.05,No,No,Electronic check,Priority outreach + long-term contract incentive
6372-RFVNS,0.770751904294026,Very High,1,Month-to-month,78.8,No,No,Electronic check,Priority outreach + long-term contract incentive
6960-HVYXR,0.7693779330477216,Very High,1,Month-to-month,76.0,No,No,Electronic check,Priority outreach + long-term contract incentive
6734-GMPVK,0.7686940491183372,Very High,5,Month-to-month,105.3,No,No,Electronic check,Priority outreach + long-term contract incentive
9451-LPGOO,0.768430386403199,Very High,7,Month-to-month,86.8,No,No,Electronic check,Priority outreach + long-term contract incentive
2034-GDRCN,0.76809728696844,Very High,2,Month-to-month,90.4,No,No,Electronic check,Priority outreach + long-term contract incentive
5054-IEXZT,0.7677326324345917,Very High,1,Month-to-month,75.35,No,No,Electronic check,Priority outreach + long-term contract incentive
5196-SGOAK,0.7673602778396116,Very High,1,Month-to-month,75.7,No,No,Electronic check,Priority outreach + long-term contract incentive
2642-DTVCO,0.7656000543631806,Very High,9,Month-to-month,85.05,No,No,Electronic check,Priority outreach + long-term contract incentive
5383-MMTWC,0.7656000543631806,Very High,8,Month-to-month,84.0,No,No,Electronic check,Priority outreach + long-term contract incentive
9965-YOKZB,0.7656000543631806,Very High,9,Month-to-month,83.85,No,No,Electronic check,Priority outreach + long-term contract incentive
8058-JMEQO,0.7656000543631806,Very High,9,Month-to-month,84.45,No,No,Electronic check,Priority outreach + long-term contract incentive
1389-CXMLU,0.764852177532894,Very High,3,Month-to-month,91.05,No,No,Electronic check,Priority outreach + long-term contract incentive
0680-DFNNY,0.7645888116597453,Very High,15,Month-to-month,101.1,No,No,Electronic check,Priority outreach + long-term contract incentive
7908-QCBCA,0.7644175221895593,Very High,1,Month-to-month,69.4,No,No,Mailed check,Priority outreach + long-term contract incentive
9985-MWVIX,0.7644175221895593,Very High,1,Month-to-month,70.15,No,No,Mailed check,Priority outreach + long-term contract incentive
5032-MIYKT,0.7644175221895593,Very High,1,Month-to-month,70.7,No,No,Mailed check,Priority outreach + long-term contract incentive
8042-JVNFH,0.7644175221895593,Very High,1,Month-to-month,71.35,No,No,Mailed check,Priority outreach + long-term contract incentive
9617-INGJY,0.7644175221895593,Very High,1,Month-to-month,70.6,No,No,Mailed check,Priority outreach + long-term contract incentive
3066-RRJIO,0.7644175221895593,Very High,1,Month-to-month,69.95,No,No,Mailed check,Priority outreach + long-term contract incentive
2619-WFQWU,0.7644175221895593,Very High,1,Month-to-month,70.15,No,No,Mailed check,Priority outreach + long-term contract incentive
6140-QNRQQ,0.7644175221895593,Very High,1,Month-to-month,71.55,No,No,Mailed check,Priority outreach + long-term contract incentive
2024-BASKD,0.7644175221895593,Very High,1,Month-to-month,74.6,No,No,Mailed check,Priority outreach + long-term contract incentive
0968-GSIKN,0.7644175221895593,Very High,1,Month-to-month,70.8,No,No,Mailed check,Priority outreach + long-term contract incentive
2672-HUYVI,0.7638838528086411,Very High,6,Month-to-month,91.1,No,No,Electronic check,Priority outreach + long-term contract incentive
9611-CTWIH,0.7638838528086411,Very High,3,Month-to-month,89.45,No,No,Electronic check,Priority outreach + long-term contract incentive
3318-NMQXL,0.7638838528086411,Very High,3,Month-to-month,92.0,No,No,Electronic check,Priority outreach + long-term contract incentive
2990-HWIML,0.7638838528086411,Very High,6,Month-to-month,89.5,No,No,Electronic check,Priority outreach + long-term contract incentive
1062-LHZOD,0.7637822977540922,Very High,1,Month-to-month,69.9,No,No,Mailed check,Priority outreach + long-term contract incentive
0515-YPMCW,0.7637822977540922,Very High,1,Month-to-month,70.45,No,No,Mailed check,Priority outreach + long-term contract incentive
1086-LXKFY,0.7637822977540922,Very High,1,Month-to-month,69.1,No,No,Mailed check,Priority outreach + long-term contract incentive
2920-RNCEZ,0.7637822977540922,Very High,1,Month-to-month,69.95,No,No,Credit card (automatic),Priority outreach + long-term contract incentive
1122-JWTJW,0.7637822977540922,Very High,1,Month-to-month,70.65,No,No,Mailed check,Priority outreach + long-term contract incentive
3902-FOIGH,0.763461774470896,Very High,12,Month-to-month,101.35,No,No,Electronic check,Priority outreach + long-term contract incentive
0023-HGHWL,0.7634291944219027,Very High,1,Month-to-month,25.1,No,No,Electronic check,Priority outreach + long-term contract incentive
7932-WPTDS,0.7634291944219027,Very High,1,Month-to-month,24.8,No,No,Electronic check,Priority outreach + long-term contract incentive
1768-ZAIFU,0.7634291944219027,Very High,1,Month-to-month,25.2,No,No,Electronic check,Priority outreach + long-term contract incentive
1567-DSCIC,0.7629573898404874,Very High,8,Month-to-month,94.0,No,No,Electronic check,Priority outreach + long-term contract incentive
9061-TIHDA,0.7621660656614264,Very High,13,Month-to-month,95.25,No,No,Electronic check,Priority outreach + long-term contract incentive
4951-UKAAQ,0.7608710274213222,Very High,4,Month-to-month,88.95,No,No,Electronic check,Priority outreach + long-term contract incentive
6688-UZPWD,0.7607878567544148,Very High,11,Month-to-month,102.0,No,No,Electronic check,Priority outreach + long-term contract incentive
7779-LGOVN,0.7607842441123752,Very High,10,Month-to-month,86.65,No,No,Electronic check,Priority outreach + long-term contract incentive
6210-KBBPI,0.7604580667630981,Very High,9,Month-to-month,99.45,No,No,Credit card (automatic),Priority outreach + long-term contract incentive
7074-IEVOJ,0.7604394860850708,Very High,3,Month-to-month,79.4,No,No,Electronic check,Priority outreach + long-term contract incentive
0722-SVSFK,0.7598651887945952,Very High,7,Month-to-month,100.4,Yes,No,Electronic check,Priority outreach + long-term contract incentive
8937-RDTHP,0.7593372730785941,Very High,1,Month-to-month,84.6,No,Yes,Mailed check,Priority outreach + long-term contract incentive
7249-WBIYX,0.7585938834266759,Very High,10,Month-to-month,85.6,No,No,Electronic check,Priority outreach + long-term contract incentive
2691-NZETQ,0.7585938834266759,Very High,9,Month-to-month,85.35,No,No,Electronic check,Priority outreach + long-term contract incentive
2215-ZAFGX,0.7585938834266759,Very High,9,Month-to-month,85.5,No,No,Electronic check,Priority outreach + long-term contract incentive
6979-ZNSFF,0.7585938834266759,Very High,8,Month-to-month,87.05,No,No,Electronic check,Priority outreach + long-term contract incentive
9134-CEQMF,0.7585032974946962,Very High,7,Month-to-month,89.5,No,No,Electronic check,Priority outreach + long-term contract incentive
6015-VVHHE,0.7584644563392601,Very High,5,Month-to-month,83.15,No,No,Credit card (automatic),Priority outreach + long-term contract incentive
2454-RPBRZ,0.7566495761080831,Very High,12,Month-to-month,98.1,No,No,Electronic check,Priority outreach + long-term contract incentive
0325-XBFAC,0.7564363583421482,Very High,8,Month-to-month,94.7,No,No,Electronic check,Priority outreach + long-term contract incentive
8087-LGYHQ,0.7564363583421482,Very High,9,Month-to-month,94.05,No,No,Electronic check,Priority outreach + long-term contract incentive
7209-JCUDS,0.7564363583421482,Very High,10,Month-to-month,94.9,No,No,Electronic check,Priority outreach + long-term contract incentive
0334-GDDSO,0.7561310923531669,Very High,3,Month-to-month,81.35,No,No,Electronic check,Priority outreach + long-term contract incentive
4795-KTRTH,0.7561310923531669,Very High,5,Month-to-month,81.0,No,No,Electronic check,Priority outreach + long-term contract incentive
4060-LDNLU,0.7560069543117985,Very High,7,Month-to-month,96.2,No,No,Electronic check,Priority outreach + long-term contract incentive
2013-SGDXK,0.7559518165120908,Very High,1,Month-to-month,84.3,No,No,Electronic check,Priority outreach + long-term contract incentive
1393-IMKZG,0.7553247441905353,Very High,1,Month-to-month,95.85,Yes,No,Electronic check,Priority outreach + long-term contract incentive
5299-RULOA,0.7550076290759224,Very High,10,Month-to-month,100.25,No,Yes,Electronic check,Priority outreach + long-term contract incentive
4847-TAJYI,0.7534842749703602,Very High,6,Month-to-month,89.35,No,No,Electronic check,Priority outreach + long-term contract incentive
2929-ERCFZ,0.7522708180760582,Very High,8,Month-to-month,94.2,No,No,Electronic check,Priority outreach + long-term contract incentive
0195-IESCP,0.7519175505576103,Very High,10,Month-to-month,85.25,No,No,Electronic check,Priority outreach + long-term contract incentive
8931-GJJIQ,0.7519175505576103,Very High,9,Month-to-month,83.3,No,No,Electronic check,Priority outreach + long-term contract incentive
8382-SHQEH,0.7519175505576103,Very High,8,Month-to-month,84.9,No,No,Electronic check,Priority outreach + long-term contract incentive
3045-XETSH,0.7514190065574486,Very High,10,Month-to-month,94.85,No,No,Electronic check,Priority outreach + long-term contract incentive
1960-UYCNN,0.7514190065574486,Very High,10,Month-to-month,95.25,No,No,Electronic check,Priority outreach + long-term contract incentive
5095-AESKG,0.7512781647898178,Very High,3,Month-to-month,91.5,No,No,Credit card (automatic),Priority outreach + long-term contract incentive
5956-VKDTT,0.7505484939673915,Very High,5,Month-to-month,74.35,No,No,Electronic check,Priority outreach + long-term contract incentive
0722-TROQR,0.7505484939673915,Very High,4,Month-to-month,74.9,No,No,Electronic check,Priority outreach + long-term contract incentive
1197-BVMVG,0.7505484939673915,Very High,4,Month-to-month,74.45,No,No,Electronic check,Priority outreach + long-term contract incentive
2952-QAYZF,0.7500307991125619,Very High,5,Month-to-month,85.3,No,No,Electronic check,Priority outreach + long-term contract incentive
7314-OXENN,0.7499862703151778,Very High,2,Month-to-month,82.0,No,No,Electronic check,Priority outreach + long-term contract incentive
3422-GALYP,0.7499862703151778,Very High,2,Month-to-month,79.45,No,No,Electronic check,Priority outreach + long-term contract incentive
5168-MSWXT,0.7498551072803136,Very High,8,Month-to-month,94.75,No,No,Electronic check,Priority outreach + long-term contract incentive
5698-BQJOH,0.7487306067073052,Very High,9,Month-to-month,94.4,No,No,Electronic check,Priority outreach + long-term contract incentive
2369-UAPKZ,0.7478618142750709,Very High,5,Month-to-month,104.1,No,No,Mailed check,Priority outreach + long-term contract incentive
7295-JOMMD,0.7475564694053712,Very High,4,Month-to-month,98.1,Yes,No,Bank transfer (automatic),Priority outreach + long-term contract incentive
3198-VELRD,0.7474929512002915,Very High,3,Month-to-month,84.75,No,No,Bank transfer (automatic),Priority outreach + long-term contract incentive
4445-ZJNMU,0.7474132665201079,Very High,9,Month-to-month,99.3,No,No,Credit card (automatic),Priority outreach + long-term contract incentive
9944-HKVVB,0.747383760902571,Very High,3,Month-to-month,95.1,No,No,Electronic check,Priority outreach + long-term contract incentive
7548-SEPYI,0.747383760902571,Very High,5,Month-to-month,96.25,No,No,Electronic check,Priority outreach + long-term contract incentive
5229-PRWKT,0.7469135570908331,Very High,8,Month-to-month,86.55,No,No,Electronic check,Priority outreach + long-term contract incentive
4143-OOBWZ,0.7455527846549159,Very High,5,Month-to-month,81.3,No,No,Electronic check,Priority outreach + long-term contract incentive
6683-VLCTZ,0.7454878261331241,Very High,20,Month-to-month,98.55,No,No,Electronic check,Priority outreach + long-term contract incentive
8808-ELEHO,0.7454623018852204,Very High,8,Month-to-month,81.25,No,No,Electronic check,Priority outreach + long-term contract incentive
9306-CPCBC,0.7443105727986457,Very High,3,Month-to-month,74.25,No,No,Electronic check,Priority outreach + long-term contract incentive
4090-KPJIP,0.7443105727986457,Very High,3,Month-to-month,74.95,No,No,Electronic check,Priority outreach + long-term contract incentive
9894-EZEWG,0.7436664530515101,Very High,1,Month-to-month,74.3,No,No,Credit card (automatic),Priority outreach + long-term contract incentive
2754-SDJRD,0.7434134719491244,Very High,8,Month-to-month,100.15,Yes,No,Credit card (automatic),Priority outreach + long-term contract incentive
3793-MMFUH,0.7431559720757454,Very High,13,Month-to-month,95.05,No,No,Electronic check,Priority outreach + long-term contract incentive
0404-SWRVG,0.7428895398173812,Very High,3,Month-to-month,74.4,No,No,Electronic check,Priority outreach + long-term contract incentive
7228-OMTPN,0.7428302049104291,Very High,4,Month-to-month,88.45,No,No,Electronic check,Priority outreach + long-term contract incentive
5565-FILXA,0.7423435100071208,Very High,16,Month-to-month,96.15,No,No,Electronic check,Priority outreach + long-term contract incentive
2074-GKOWZ,0.7423174778412528,Very High,2,Month-to-month,89.55,No,No,Bank transfer (automatic),Priority outreach + long-term contract incentive
4140-MUHUG,0.741821503672874,Very High,3,Month-to-month,86.85,No,No,Electronic check,Priority outreach + long-term contract incentive
0495-ZBNGW,0.7402124886714165,Very High,5,Month-to-month,79.9,No,No,Bank transfer (automatic),Priority outreach + long-term contract incentive
4145-UQXUQ,0.7399010604847376,Very High,8,Month-to-month,92.1,No,No,Electronic check,Priority outreach + long-term contract incentive
3621-CEOVK,0.7398379222346196,Very High,14,Month-to-month,100.2,No,No,Electronic check,Priority outreach + long-term contract incentive
9221-OTIVJ,0.7398379222346196,Very High,14,Month-to-month,104.85,No,No,Electronic check,Priority outreach + long-term contract incentive
8083-YTZES,0.7398113570743885,Very High,4,Month-to-month,74.35,No,No,Electronic check,Priority outreach + long-term contract incentive
7341-LXCAF,0.7398113570743885,Very High,4,Month-to-month,74.65,No,No,Electronic check,Priority outreach + long-term contract incentive
4229-CZMLL,0.7398113570743885,Very High,6,Month-to-month,74.9,No,No,Electronic check,Priority outreach + long-term contract incentive
7969-AULMZ,0.7390918531188069,Very High,21,Month-to-month,97.35,No,No,Electronic check,Priority outreach + long-term contract incentive
3320-VEOYC,0.7384571382096787,Very High,14,Month-to-month,95.6,No,No,Electronic check,Priority outreach + long-term contract incentive
4086-YQSNZ,0.737247945253585,Very High,3,Month-to-month,80.4,No,No,Electronic check,Priority outreach + long-term contract incentive
0187-QSXOE,0.7371349794890046,Very High,7,Month-to-month,89.0,No,No,Electronic check,Priority outreach + long-term contract incentive
4115-NZRKS,0.7371349794890046,Very High,7,Month-to-month,89.15,No,No,Electronic check,Priority outreach + long-term contract incentive
4298-OYIFC,0.7371079069790883,Very High,15,Month-to-month,103.45,Yes,No,Electronic check,Priority outreach + long-term contract incentive
8245-UMPYT,0.7370613866950121,Very High,16,Month-to-month,96.4,No,No,Electronic check,Priority outreach + long-term contract incentive
9334-GWGOW,0.7364851432360191,Very High,7,Month-to-month,74.85,No,No,Electronic check,Priority outreach + long-term contract incentive
3992-YWPKO,0.7363159153669593,Very High,6,Month-to-month,109.9,Yes,No,Credit card (automatic),Priority outreach + long-term contract incentive
8258-GSTJK,0.736026149600693,Very High,3,Month-to-month,77.0,No,No,Electronic check,Priority outreach + long-term contract incentive
7576-OYWBN,0.736026149600693,Very High,3,Month-to-month,76.05,No,No,Electronic check,Priority outreach + long-term contract incentive
1915-IOFGU,0.7351655018616132,Very High,1,Month-to-month,70.5,No,No,Electronic check,Priority outreach + long-term contract incentive
9940-RHLFB,0.7351655018616132,Very High,1,Month-to-month,75.3,No,No,Electronic check,Priority outreach + long-term contract incentive
2262-SLNVK,0.7351655018616132,Very High,1,Month-to-month,70.1,No,No,Electronic check,Priority outreach + long-term contract incentive
2856-HYAPG,0.7351655018616132,Very High,1,Month-to-month,68.65,No,No,Electronic check,Priority outreach + long-term contract incentive
7153-OANIO,0.7351655018616132,Very High,1,Month-to-month,69.95,No,No,Electronic check,Priority outreach + long-term contract incentive
4759-TRPLW,0.7351655018616132,Very High,1,Month-to-month,70.4,No,No,Electronic check,Priority outreach + long-term contract incentive
3177-LASXD,0.7351655018616132,Very High,1,Month-to-month,71.35,No,No,Electronic check,Priority outreach + long-term contract incentive
5583-SXDAG,0.7351655018616132,Very High,1,Month-to-month,70.0,No,No,Electronic check,Priority outreach + long-term contract incentive
4713-LZDRV,0.7349412051667918,Very High,2,Month-to-month,79.6,No,No,Electronic check,Priority outreach + long-term contract incentive
0306-JAELE,0.7345213137369505,Very High,5,Month-to-month,96.1,Yes,No,Electronic check,Priority outreach + long-term contract incentive
5760-IFJOZ,0.734460543098699,Very High,3,Month-to-month,107.95,No,No,Mailed check,Priority outreach + long-term contract incentive
5644-PDMZC,0.7334204777439202,Very High,2,Month-to-month,89.5,No,No,Electronic check,Priority outreach + long-term contract incentive
2077-MPJQO,0.7327029747512034,Very High,7,Month-to-month,75.4,No,No,Electronic check,Priority outreach + long-term contract incentive
6161-UUUTA,0.7326690886542467,Very High,3,Month-to-month,79.9,No,No,Electronic check,Priority outreach + long-term contract incentive
6229-LSCKB,0.7326690886542467,Very High,6,Month-to-month,79.7,No,No,Electronic check,Priority outreach + long-term contract incentive
3606-TWKGI,0.7310055461533624,Very High,13,Month-to-month,106.9,No,No,Electronic check,Priority outreach + long-term contract incentive
2645-QTLMB,0.7307744350381518,Very High,7,Month-to-month,94.25,No,No,Electronic check,Priority outreach + long-term contract incentive
2027-FECZV,0.7307565547601756,Very High,12,Month-to-month,106.7,No,No,Electronic check,Priority outreach + long-term contract incentive
2612-RANWT,0.730512196138361,Very High,12,Month-to-month,100.15,No,No,Bank transfer (automatic),Priority outreach + long-term contract incentive
8168-UQWWF,0.730512196138361,Very High,11,Month-to-month,97.85,No,No,Bank transfer (automatic),Priority outreach + long-term contract incentive
2754-VDLTR,0.7303634799526927,Very High,10,Month-to-month,95.2,No,No,Electronic check,Priority outreach + long-term contract incentive
5835-BEQEU,0.7295559293827892,Very High,3,Month-to-month,76.95,No,No,Electronic check,Priority outreach + long-term contract incentive
1618-CFHME,0.7295559293827892,Very High,2,Month-to-month,75.9,No,No,Electronic check,Priority outreach + long-term contract incentive
0637-KVDLV,0.7295559293827892,Very High,2,Month-to-month,76.5,No,No,Electronic check,Priority outreach + long-term contract incentive
8992-JQYUN,0.7293567441446346,Very High,1,Month-to-month,50.35,No,No,Electronic check,Priority outreach + long-term contract incentive
6326-MTTXK,0.7285433279832589,Very High,8,Month-to-month,100.85,No,No,Electronic check,Priority outreach + long-term contract incentive
1569-TTNYJ,0.72840785256931,Very High,5,Month-to-month,78.75,No,No,Electronic check,Priority outreach + long-term contract incentive
1309-BXVOQ,0.7280262322799275,Very High,21,Month-to-month,106.1,Yes,No,Electronic check,Priority outreach + long-term contract incentive
6615-NGGZJ,0.7275843457440625,Very High,14,Month-to-month,100.55,No,No,Electronic check,Priority outreach + long-term contract incentive
3473-XIIIT,0.7275843457440625,Very High,16,Month-to-month,100.0,No,No,Electronic check,Priority outreach + long-term contract incentive
9094-AZPHK,0.7275843457440625,Very High,15,Month-to-month,100.15,No,No,Electronic check,Priority outreach + long-term contract incentive
3292-PBZEJ,0.727442448389656,Very High,11,Month-to-month,111.4,Yes,No,Electronic check,Priority outreach + long-term contract incentive
9514-JDSKI,0.7266896260926573,Very High,1,Month-to-month,40.2,No,No,Electronic check,Priority outreach + long-term contract incentive
4529-CKBCL,0.7261471995578065,Very High,2,Month-to-month,80.2,No,No,Electronic check,Priority outreach + long-term contract incentive
1981-INRFU,0.7261471995578065,Very High,2,Month-to-month,79.75,No,No,Electronic check,Priority outreach + long-term contract incentive
7760-OYPDY,0.7261471995578065,Very High,2,Month-to-month,80.65,No,No,Electronic check,Priority outreach + long-term contract incentive
4234-XTNEA,0.7261471995578065,Very High,2,Month-to-month,79.95,No,No,Electronic check,Priority outreach + long-term contract incentive
9689-PTNPG,0.7261471995578065,Very High,2,Month-to-month,80.25,No,No,Electronic check,Priority outreach + long-term contract incentive
0375-HVGXO,0.726071249303712,Very High,1,Month-to-month,34.7,No,No,Electronic check,Priority outreach + long-term contract incentive
5378-IKEEG,0.726071249303712,Very High,1,Month-to-month,35.75,No,No,Electronic check,Priority outreach + long-term contract incentive
0122-OAHPZ,0.7253641756707829,Very High,7,Month-to-month,73.85,No,No,Electronic check,Priority outreach + long-term contract incentive
6711-FLDFB,0.7253641756707829,Very High,7,Month-to-month,74.9,No,No,Electronic check,Priority outreach + long-term contract incentive
4112-LUEIZ,0.7252567737311358,Very High,10,Month-to-month,89.5,No,No,Electronic check,Priority outreach + long-term contract incentive
3519-ZKXGG,0.724893047107484,Very High,3,Month-to-month,75.85,No,No,Electronic check,Priority outreach + long-term contract incentive
4581-SSPWD,0.724893047107484,Very High,3,Month-to-month,75.8,No,No,Electronic check,Priority outreach + long-term contract incentive
8443-ZRDBZ,0.724893047107484,Very High,4,Month-to-month,76.05,No,No,Electronic check,Priority outreach + long-term contract incentive
5561-NWEVX,0.7248530707905796,Very High,2,Month-to-month,79.2,No,No,Electronic check,Priority outreach + long-term contract incentive
5348-CAGXB,0.7244156845208206,Very High,12,Month-to-month,89.55,No,No,Electronic check,Priority outreach + long-term contract incentive
0329-GTIAJ,0.724308854000936,Very High,3,Month-to-month,97.9,Yes,No,Electronic check,Priority outreach + long-term contract incentive
7218-HKQFK,0.7239196722400799,Very High,2,Month-to-month,94.2,Yes,No,Electronic check,Priority outreach + long-term contract incentive
8086-OVPWV,0.7237795173000687,Very High,2,Month-to-month,80.2,No,No,Electronic check,Priority outreach + long-term contract incentive
9878-TNQGW,0.7237795173000687,Very High,2,Month-to-month,80.95,No,No,Electronic check,Priority outreach + long-term contract incentive
1496-GGSUK,0.7235053097537415,Very High,1,Month-to-month,25.7,No,No,Mailed check,Priority outreach + long-term contract incentive
0661-XEYAN,0.7235053097537415,Very High,1,Month-to-month,25.8,No,No,Mailed check,Priority outreach + long-term contract incentive
0220-EBGCE,0.7231987362188881,Very High,2,Month-to-month,85.85,No,No,Electronic check,Priority outreach + long-term contract incentive
3091-FYHKI,0.7222774554805169,Very High,1,Month-to-month,35.45,No,No,Electronic check,Priority outreach + long-term contract incentive
0841-NULXI,0.7222774554805169,Very High,1,Month-to-month,35.55,No,No,Electronic check,Priority outreach + long-term contract incentive
7817-BOQPW,0.7222667342592357,Very High,2,Month-to-month,75.55,No,No,Electronic check,Priority outreach + long-term contract incentive
1320-HTRDR,0.7222667342592357,Very High,3,Month-to-month,75.5,No,No,Electronic check,Priority outreach + long-term contract incentive
5956-YHHRX,0.7221292813918213,Very High,21,Month-to-month,104.35,No,No,Electronic check,Priority outreach + long-term contract incentive
0840-DFEZH,0.7214827528737056,Very High,7,Month-to-month,75.35,No,No,Electronic check,Priority outreach + long-term contract incentive
6357-JJPQT,0.7214479851167233,Very High,3,Month-to-month,80.5,No,No,Electronic check,Priority outreach + long-term contract incentive
2612-RRIDN,0.7214479851167233,Very High,4,Month-to-month,81.0,No,No,Electronic check,Priority outreach + long-term contract incentive
2959-MJHIC,0.7214479851167233,Very High,4,Month-to-month,80.35,No,No,Electronic check,Priority outreach + long-term contract incentive
8752-STIVR,0.7214479851167233,Very High,4,Month-to-month,79.0,No,No,Electronic check,Priority outreach + long-term contract incentive
7563-BIUPC,0.7214479851167233,Very High,5,Month-to-month,80.6,No,No,Electronic check,Priority outreach + long-term contract incentive
1678-FYZOW,0.7214479851167233,Very High,3,Month-to-month,79.4,No,No,Electronic check,Priority outreach + long-term contract incentive
3295-YVUSR,0.7209898462969679,Very High,2,Month-to-month,72.6,No,No,Mailed check,Priority outreach + long-term contract incentive
7235-NXZCP,0.7209898462969679,Very High,2,Month-to-month,74.85,No,No,Mailed check,Priority outreach + long-term contract incentive
3191-CSNMG,0.7207392253034786,Very High,3,Month-to-month,80.7,No,No,Electronic check,Priority outreach + long-term contract incentive
2123-AGEEN,0.7202695208648637,Very High,7,Month-to-month,84.35,No,No,Electronic check,Priority outreach + long-term contract incentive
9444-JTXHZ,0.7200816024199774,Very High,1,Month-to-month,76.2,No,No,Electronic check,Priority outreach + long-term contract incentive
6910-HADCM,0.7200816024199774,Very High,1,Month-to-month,76.35,No,No,Electronic check,Priority outreach + long-term contract incentive
0916-QOFDP,0.719620263962205,Very High,14,Month-to-month,95.8,No,No,Electronic check,Priority outreach + long-term contract incentive
7693-LCKZL,0.7193931326308972,Very High,5,Month-to-month,80.15,No,No,Electronic check,Priority outreach + long-term contract incentive
4210-QFJMF,0.7190553933873625,Very High,4,Month-to-month,79.15,No,No,Electronic check,Priority outreach + long-term contract incentive
2789-HQBOU,0.7190553933873625,Very High,3,Month-to-month,80.35,No,No,Electronic check,Priority outreach + long-term contract incentive
6941-PMGEP,0.7190553933873625,Very High,5,Month-to-month,80.0,No,No,Electronic check,Priority outreach + long-term contract incentive
4806-KEXQR,0.7190553933873625,Very High,4,Month-to-month,79.9,No,No,Electronic check,Priority outreach + long-term contract incentive
1465-VINDH,0.7187690390108454,Very High,10,Month-to-month,102.1,No,No,Credit card (automatic),Priority outreach + long-term contract incentive
9547-ITEFG,0.7187690390108454,Very High,9,Month-to-month,102.6,No,No,Credit card (automatic),Priority outreach + long-term contract incentive
9897-KXHCM,0.7183429224746102,Very High,3,Month-to-month,80.3,No,No,Electronic check,Priority outreach + long-term contract incentive
4749-OJKQU,0.7175268351078717,Very High,4,Month-to-month,75.65,No,No,Electronic check,Priority outreach + long-term contract incentive
8185-UPYBR,0.7175268351078717,Very High,6,Month-to-month,75.5,No,No,Electronic check,Priority outreach + long-term contract incentive
2516-VQRRV,0.7170707150646104,Very High,2,Month-to-month,75.45,No,No,Mailed check,Priority outreach + long-term contract incentive
6786-OBWQR,0.7169080003651093,Very High,5,Month-to-month,80.85,No,No,Electronic check,Priority outreach + long-term contract incentive
0709-TVGUR,0.7168200694582968,Very High,9,Month-to-month,74.55,No,No,Electronic check,Priority outreach + long-term contract incentive
6860-YRJZP,0.7168200694582968,Very High,9,Month-to-month,74.05,No,No,Electronic check,Priority outreach + long-term contract incentive
5293-WXJAK,0.7166757348421362,Very High,11,Month-to-month,104.05,Yes,No,Bank transfer (automatic),Priority outreach + long-term contract incentive
8361-LTMKD,0.7162367168546157,Very High,4,Month-to-month,74.4,No,No,Mailed check,Priority outreach + long-term contract incentive
9734-YWGEX,0.7160023087669665,Very High,9,Month-to-month,98.3,No,No,Credit card (automatic),Priority outreach + long-term contract incentive
9809-IMGCQ,0.7153342330424136,Very High,22,Month-to-month,96.7,No,No,Electronic check,Priority outreach + long-term contract incentive
9231-ZJYAM,0.7149879055299202,Very High,4,Month-to-month,78.85,No,No,Electronic check,Priority outreach + long-term contract incentive
5673-FSSMF,0.7141175781505951,Very High,1,Month-to-month,60.15,No,No,Electronic check,Priority outreach + long-term contract incentive
0616-ATFGB,0.7141027203048472,Very High,1,Month-to-month,25.05,No,No,Electronic check,Priority outreach + long-term contract incentive
0612-RTZZA,0.7141027203048472,Very High,1,Month-to-month,25.25,No,No,Electronic check,Priority outreach + long-term contract incentive
5043-TRZWM,0.7126376310527408,Very High,1,Month-to-month,75.55,No,No,Electronic check,Priority outreach + long-term contract incentive
6060-DRTNL,0.712585577487652,Very High,5,Month-to-month,84.85,No,No,Mailed check,Priority outreach + long-term contract incentive
3440-JPSCL,0.7116543883983226,Very High,6,Month-to-month,99.95,Yes,No,Mailed check,Priority outreach + long-term contract incentive
0236-HFWSV,0.7109859842683851,Very High,15,Month-to-month,93.35,No,No,Electronic check,Priority outreach + long-term contract incentive
2472-OVKUP,0.710503833599501,Very High,6,Month-to-month,91.0,No,No,Electronic check,Priority outreach + long-term contract incentive
1200-TUZHR,0.7101172115979718,Very High,8,Month-to-month,85.2,No,No,Electronic check,Priority outreach + long-term contract incentive
5349-IECLD,0.7098422983620587,Very High,2,Month-to-month,94.95,No,No,Electronic check,Priority outreach + long-term contract incentive
5442-UTCVD,0.7097534564561147,Very High,3,Month-to-month,91.85,No,No,Electronic check,Priority outreach + long-term contract incentive
7392-YYPYJ,0.709369280962189,Very High,22,Month-to-month,100.65,No,No,Electronic check,Priority outreach + long-term contract incentive
9317-WZPGV,0.7091824392418216,Very High,2,Month-to-month,79.75,No,No,Bank transfer (automatic),Priority outreach + long-term contract incentive
4285-GYRQC,0.7087348568768076,Very High,7,Month-to-month,86.25,No,No,Electronic check,Priority outreach + long-term contract incentive
3398-FSHON,0.7086488494759605,Very High,12,Month-to-month,91.3,No,No,Electronic check,Priority outreach + long-term contract incentive
9840-EFJQB,0.7082113062766758,Very High,1,Month-to-month,74.35,No,No,Electronic check,Priority outreach + long-term contract incentive
3877-JRJIP,0.7072042214761628,Very High,1,Month-to-month,59.85,No,No,Electronic check,Priority outreach + long-term contract incentive
3217-FZDMN,0.7070188748491363,Very High,8,Month-to-month,94.45,No,No,Credit card (automatic),Priority outreach + long-term contract incentive
8242-SOQUO,0.7067278218671093,Very High,5,Month-to-month,84.7,No,No,Electronic check,Priority outreach + long-term contract incentive
5935-FCCNB,0.705146117244552,Very High,17,Month-to-month,94.2,No,No,Electronic check,Priority outreach + long-term contract incentive
1626-ERCMM,0.705146117244552,Very High,20,Month-to-month,94.55,No,No,Electronic check,Priority outreach + long-term contract incentive
1658-BYGOY,0.705146117244552,Very High,18,Month-to-month,95.45,No,No,Electronic check,Priority outreach + long-term contract incentive
3452-GWUIN,0.705146117244552,Very High,19,Month-to-month,94.95,No,No,Electronic check,Priority outreach + long-term contract incentive
7225-CBZPL,0.705146117244552,Very High,17,Month-to-month,94.8,No,No,Electronic check,Priority outreach + long-term contract incentive
4094-NSEDU,0.705146117244552,Very High,21,Month-to-month,94.25,No,No,Electronic check,Priority outreach + long-term contract incentive
3247-ZVOUO,0.7046013135662547,Very High,10,Month-to-month,85.55,No,No,Electronic check,Priority outreach + long-term contract incentive
3797-VTIDR,0.7044973487428031,Very High,1,Month-to-month,23.45,No,No,Electronic check,Priority outreach + long-term contract incentive
1334-FJSVR,0.7044973487428031,Very High,1,Month-to-month,24.25,No,No,Electronic check,Priority outreach + long-term contract incentive
1564-NTYXF,0.7043318495405276,Very High,13,Month-to-month,82.0,No,No,Electronic check,Priority outreach + long-term contract incentive
5868-YWPDW,0.7042606226654805,Very High,6,Month-to-month,84.2,No,No,Electronic check,Priority outreach + long-term contract incentive
6437-UKHMV,0.7038092012280955,Very High,7,Month-to-month,79.7,No,No,Electronic check,Priority outreach + long-term contract incentive
7638-QVMVY,0.7038092012280955,Very High,7,Month-to-month,79.0,No,No,Electronic check,Priority outreach + long-term contract incentive
5445-UTODQ,0.7038092012280955,Very High,7,Month-to-month,81.1,No,No,Electronic check,Priority outreach + long-term contract incentive
6328-ZPBGN,0.7036597579775532,Very High,11,Month-to-month,95.15,No,No,Bank transfer (automatic),Priority outreach + long-term contract incentive
1980-KXVPM,0.7036255474224615,Very High,3,Month-to-month,75.05,No,No,Credit card (automatic),Priority outreach + long-term contract incentive
9837-BMCLM,0.7033251597523423,Very High,3,Month-to-month,78.5,No,No,Electronic check,Priority outreach + long-term contract incentive
2180-DXNEG,0.7029916848641559,Very High,12,Month-to-month,96.0,No,No,Electronic check,Priority outreach + long-term contract incentive
3030-YDNRM,0.7014007034578307,Very High,8,Month-to-month,74.85,No,No,Electronic check,Priority outreach + long-term contract incentive
8541-QVFKM,0.7014007034578307,Very High,8,Month-to-month,73.5,No,No,Electronic check,Priority outreach + long-term contract incentive
3199-XGZCY,0.7014007034578307,Very High,8,Month-to-month,75.25,No,No,Electronic check,Priority outreach + long-term contract incentive
8065-YKXKD,0.7014007034578307,Very High,10,Month-to-month,74.75,No,No,Electronic check,Priority outreach + long-term contract incentive
4282-YMKNA,0.7014007034578307,Very High,9,Month-to-month,74.75,No,No,Electronic check,Priority outreach + long-term contract incentive
7613-LLQFO,0.7012192911599919,Very High,12,Month-to-month,84.45,No,No,Electronic check,Priority outreach + long-term contract incentive
1173-XZPYF,0.7012192911599919,Very High,11,Month-to-month,89.2,No,No,Electronic check,Priority outreach + long-term contract incentive
2674-MIAHT,0.7011646382757752,Very High,4,Month-to-month,80.3,No,No,Mailed check,Priority outreach + long-term contract incentive
1731-TVIUK,0.6998938546117842,Very High,4,Month-to-month,93.5,Yes,No,Electronic check,Priority outreach + long-term contract incentive
0011-IGKFF,0.6998827701981389,Very High,13,Month-to-month,98.0,No,No,Electronic check,Priority outreach + long-term contract incentive
5884-GCYMI,0.6996950809199777,Very High,1,Month-to-month,69.4,No,No,Mailed check,Priority outreach + long-term contract incentive
4501-EQDRN,0.6996950809199777,Very High,1,Month-to-month,69.7,No,No,Bank transfer (automatic),Priority outreach + long-term contract incentive
0511-JTEOY,0.6996950809199777,Very High,1,Month-to-month,71.1,No,No,Mailed check,Priority outreach + long-term contract incentive
0519-XUZJU,0.6996950809199777,Very High,1,Month-to-month,70.75,No,No,Mailed check,Priority outreach + long-term contract incentive
4110-PFEUZ,0.6996950809199777,Very High,1,Month-to-month,69.55,No,No,Mailed check,Priority outreach + long-term contract incentive
9747-DDZOS,0.6996950809199777,Very High,1,Month-to-month,73.5,No,No,Bank transfer (automatic),Priority outreach + long-term contract incentive
5940-AHUHD,0.6996950809199777,Very High,1,Month-to-month,70.6,No,No,Mailed check,Priority outreach + long-term contract incentive
0151-ONTOV,0.6996950809199777,Very High,1,Month-to-month,70.9,No,No,Mailed check,Priority outreach + long-term contract incentive
8040-MNRTF,0.6996950809199777,Very High,1,Month-to-month,71.1,No,No,Mailed check,Priority outreach + long-term contract incentive
2430-USGXP,0.6995686345016032,Very High,24,Month-to-month,101.05,No,No,Electronic check,Priority outreach + long-term contract incentive
7767-UXAGJ,0.6993363123333766,Very High,1,Month-to-month,50.45,No,No,Electronic check,Priority outreach + long-term contract incentive
6877-TJMBR,0.6990962270874914,Very High,1,Month-to-month,84.8,Yes,No,Electronic check,Priority outreach + long-term contract incentive
1084-UQCHV,0.6989540681278998,Very High,1,Month-to-month,69.75,No,No,Bank transfer (automatic),Priority outreach + long-term contract incentive
4395-PZMSN,0.6986805716242781,Very High,5,Month-to-month,85.55,No,No,Electronic check,Priority outreach + long-term contract incentive
3834-XUIFC,0.6984153624768353,Very High,7,Month-to-month,85.2,No,No,Mailed check,Priority outreach + long-term contract incentive
8348-HFYIV,0.6982315407958154,Very High,2,Month-to-month,49.25,No,No,Electronic check,Priority outreach + long-term contract incentive
2737-WFVYW,0.6982315407958154,Very High,2,Month-to-month,45.25,No,No,Electronic check,Priority outreach + long-term contract incentive
2657-VPXTA,0.6973790295332736,Very High,10,Month-to-month,88.85,No,No,Electronic check,Priority outreach + long-term contract incentive
5883-GTGVD,0.6969721501253602,Very High,19,Month-to-month,99.95,No,No,Electronic check,Priority outreach + long-term contract incentive
0365-BZUWY,0.6969721501253602,Very High,17,Month-to-month,102.55,No,No,Electronic check,Priority outreach + long-term contract incentive
6956-SMUCM,0.6964853816282243,Very High,3,Month-to-month,99.0,No,Yes,Credit card (automatic),Priority outreach + long-term contract incentive
2026-TGDHM,0.6962244675732829,Very High,7,Month-to-month,79.3,No,No,Electronic check,Priority outreach + long-term contract incentive
2740-TVLFN,0.6956556622531593,Very High,1,Month-to-month,50.15,No,No,Electronic check,Priority outreach + long-term contract incentive
0248-IPDFW,0.6956556622531593,Very High,1,Month-to-month,50.1,No,No,Electronic check,Priority outreach + long-term contract incentive
5382-SOYZL,0.6956034926850216,Very High,22,Month-to-month,95.1,No,No,Electronic check,Priority outreach + long-term contract incentive
1746-TGTWV,0.6956031171769775,Very High,1,Month-to-month,75.35,No,No,Credit card (automatic),Priority outreach + long-term contract incentive
6275-YDUVO,0.6951607761269217,Very High,2,Month-to-month,86.2,No,No,Mailed check,Priority outreach + long-term contract incentive
6856-RAURS,0.6950793160641325,Very High,2,Month-to-month,74.9,No,No,Mailed check,Priority outreach + long-term contract incentive
6221-AVQYL,0.6950793160641325,Very High,2,Month-to-month,73.25,No,No,Credit card (automatic),Priority outreach + long-term contract incentive
5570-PTWEH,0.6950793160641325,Very High,3,Month-to-month,75.15,No,No,Credit card (automatic),Priority outreach + long-term contract incentive
9850-OWRHQ,0.6950793160641325,Very High,3,Month-to-month,74.1,No,No,Credit card (automatic),Priority outreach + long-term contract incentive
9058-CBREO,0.6949877477803973,Very High,1,Month-to-month,50.55,No,No,Mailed check,Priority outreach + long-term contract incentive
3874-EQOEP,0.6949291952377691,Very High,7,Month-to-month,95.0,No,No,Mailed check,Priority outreach + long-term contract incentive
1704-NRWYE,0.6948765878462836,Very High,9,Month-to-month,80.85,No,No,Electronic check,Priority outreach + long-term contract incentive
2379-ENZGV,0.6948713188297319,Very High,6,Month-to-month,84.85,No,No,Electronic check,Priority outreach + long-term contract incentive
3138-BKYAV,0.6948713188297319,Very High,6,Month-to-month,85.35,No,No,Electronic check,Priority outreach + long-term contract incentive
4566-NECEV,0.6944599821896738,Very High,5,Month-to-month,96.55,No,No,Electronic check,Priority outreach + long-term contract incentive
8510-AWCXC,0.6942835039970011,Very High,13,Month-to-month,100.8,No,Yes,Electronic check,Priority outreach + long-term contract incentive
7479-NITWS,0.6940414532087191,Very High,7,Month-to-month,89.35,No,No,Credit card (automatic),Priority outreach + long-term contract incentive
5519-YLDGW,0.6938378081396355,Very High,21,Month-to-month,103.9,No,Yes,Electronic check,Priority outreach + long-term contract incentive
6137-NICCO,0.6938050927957196,Very High,6,Month-to-month,94.05,No,No,Mailed check,Priority outreach + long-term contract incentive
5889-LFOLL,0.6935971091045472,Very High,13,Month-to-month,84.6,No,No,Electronic check,Priority outreach + long-term contract incentive
6424-ELEYH,0.6934973439221876,Very High,3,Month-to-month,74.75,No,No,Credit card (automatic),Priority outreach + long-term contract incentive
7130-VTEWQ,0.6933825201750181,Very High,8,Month-to-month,75.75,No,No,Electronic check,Priority outreach + long-term contract incentive
9290-SHCMB,0.6926986602310716,Very High,13,Month-to-month,96.85,No,No,Electronic check,Priority outreach + long-term contract incentive
6390-DSAZX,0.6923654965575778,Very High,1,Month-to-month,73.6,No,Yes,Mailed check,Priority outreach + long-term contract incentive
7005-CCBKV,0.692347795695023,Very High,6,Month-to-month,84.4,No,No,Electronic check,Priority outreach + long-term contract incentive
7595-EUIVN,0.692234892405827,Very High,1,Month-to-month,75.8,No,No,Electronic check,Priority outreach + long-term contract incentive
7079-QRCBC,0.6921986641915515,Very High,24,Month-to-month,98.75,No,No,Electronic check,Priority outreach + long-term contract incentive
5357-TZHPP,0.6910176573681953,Very High,9,Month-to-month,84.4,No,No,Credit card (automatic),Priority outreach + long-term contract incentive
7568-PODML,0.6910061044485355,Very High,1,Month-to-month,45.3,No,No,Mailed check,Priority outreach + long-term contract incentive
8714-CTZJW,0.6907771925621252,Very High,4,Month-to-month,82.85,No,No,Credit card (automatic),Priority outreach + long-term contract incentive
6435-SRWBJ,0.6907033558090443,Very High,5,Month-to-month,82.75,Yes,No,Electronic check,Priority outreach + long-term contract incentive
6127-IYJOZ,0.6904799476939967,Very High,1,Month-to-month,45.85,No,No,Mailed check,Priority outreach + long-term contract incentive
8111-RKSPX,0.6900745252140285,Very High,4,Month-to-month,72.2,No,No,Bank transfer (automatic),Priority outreach + long-term contract incentive
2276-YDAVZ,0.6900745252140285,Very High,3,Month-to-month,75.1,No,No,Credit card (automatic),Priority outreach + long-term contract incentive
3338-CVVEH,0.6899698734582358,Very High,12,Month-to-month,94.55,No,No,Electronic check,Priority outreach + long-term contract incentive
5047-LHVLY,0.6897262795033784,Very High,1,Month-to-month,50.15,No,No,Mailed check,Priority outreach + long-term contract incentive
5955-ERIHD,0.6893665564587688,Very High,18,Month-to-month,94.7,No,No,Electronic check,Priority outreach + long-term contract incentive
3096-GKWEB,0.6893665564587688,Very High,18,Month-to-month,94.75,No,No,Electronic check,Priority outreach + long-term contract incentive
9919-KNPOO,0.6893665564587688,Very High,21,Month-to-month,94.3,No,No,Electronic check,Priority outreach + long-term contract incentive
9185-TQCVP,0.688371808740702,Very High,14,Month-to-month,85.15,No,No,Electronic check,Priority outreach + long-term contract incentive
7858-GTZSP,0.6879050200293474,Very High,12,Month-to-month,86.55,No,No,Electronic check,Priority outreach + long-term contract incentive
7145-FEJWU,0.6876453649557814,Very High,12,Month-to-month,105.3,No,No,Electronic check,Priority outreach + long-term contract incentive
1571-SAVHK,0.6875627425859248,Very High,12,Month-to-month,99.95,Yes,No,Mailed check,Priority outreach + long-term contract incentive
8225-BTJAU,0.6871647850103586,Very High,10,Month-to-month,79.25,No,No,Electronic check,Priority outreach + long-term contract incentive
2688-BHGOG,0.6871647850103586,Very High,9,Month-to-month,79.55,No,No,Electronic check,Priority outreach + long-term contract incentive
5138-WVKYJ,0.6869951448154449,Very High,10,Month-to-month,98.55,No,Yes,Electronic check,Priority outreach + long-term contract incentive
8943-URTMR,0.6861830896815094,Very High,2,Month-to-month,79.65,No,No,Mailed check,Priority outreach + long-term contract incentive
5276-KQWHG,0.6860469898752359,Very High,2,Month-to-month,69.6,No,No,Electronic check,Priority outreach + long-term contract incentive
5804-LEPIM,0.6860469898752359,Very High,2,Month-to-month,70.35,No,No,Electronic check,Priority outreach + long-term contract incentive
2672-DZUOY,0.685249985983649,Very High,1,Month-to-month,25.15,No,No,Electronic check,Priority outreach + long-term contract incentive
7365-BVCJH,0.685249985983649,Very High,1,Month-to-month,24.4,No,No,Electronic check,Priority outreach + long-term contract incentive
1024-GUALD,0.685249985983649,Very High,1,Month-to-month,24.8,No,No,Electronic check,Priority outreach + long-term contract incentive
4813-HQMGZ,0.6838560919593021,Very High,8,Month-to-month,90.25,Yes,No,Electronic check,Priority outreach + long-term contract incentive
8800-JOOCF,0.683660455652552,Very High,12,Month-to-month,84.05,No,No,Electronic check,Priority outreach + long-term contract incentive
4236-XPXAV,0.682597555539045,Very High,5,Month-to-month,99.15,Yes,No,Mailed check,Priority outreach + long-term contract incentive
8445-DNBAE,0.682044895191233,Very High,1,Month-to-month,50.05,No,No,Electronic check,Priority outreach + long-term contract incentive
9274-CNFMO,0.6819410680866562,Very High,4,Month-to-month,74.95,No,No,Electronic check,Priority outreach + long-term contract incentive
8443-WVPSS,0.6819035522037138,Very High,10,Month-to-month,99.85,Yes,No,Electronic check,Priority outreach + long-term contract incentive
0219-YTZUE,0.6817814093856885,Very High,4,Month-to-month,84.8,No,No,Bank transfer (automatic),Priority outreach + long-term contract incentive
1010-DIAUQ,0.681292480620113,Very High,5,Month-to-month,96.5,No,No,Bank transfer (automatic),Priority outreach + long-term contract incentive
9696-RMYBA,0.681099273817168,Very High,5,Month-to-month,80.1,No,No,Mailed check,Priority outreach + long-term contract incentive
9095-HFAFX,0.681099273817168,Very High,5,Month-to-month,81.0,No,No,Credit card (automatic),Priority outreach + long-term contract incentive
9330-IJWIO,0.6808100069616269,Very High,13,Month-to-month,100.35,No,Yes,Electronic check,Priority outreach + long-term contract incentive
9907-SWKKF,0.6807906812266982,Very High,1,Month-to-month,25.05,No,No,Mailed check,Priority outreach + long-term contract incentive
2880-FPNAE,0.6796266914058869,Very High,2,Month-to-month,74.2,No,No,Electronic check,Priority outreach + long-term contract incentive
4342-HENTK,0.6796266914058869,Very High,2,Month-to-month,70.65,No,No,Electronic check,Priority outreach + long-term contract incentive
2055-PDADH,0.6796266914058869,Very High,3,Month-to-month,70.4,No,No,Electronic check,Priority outreach + long-term contract incentive
9799-CAYJJ,0.6796266914058869,Very High,2,Month-to-month,69.3,No,No,Electronic check,Priority outreach + long-term contract incentive
1184-PJVDB,0.6787977818182813,Very High,10,Month-to-month,79.95,No,No,Electronic check,Priority outreach + long-term contract incentive
1219-NNDDO,0.6772615498336223,Very High,9,Month-to-month,76.85,No,No,Electronic check,Priority outreach + long-term contract incentive
7354-OIJLX,0.6772615498336223,Very High,9,Month-to-month,75.85,No,No,Electronic check,Priority outreach + long-term contract incentive
5928-QLDHB,0.6772615498336223,Very High,9,Month-to-month,76.25,No,No,Electronic check,Priority outreach + long-term contract incentive
6407-UTSLV,0.6770319884907561,Very High,2,Month-to-month,83.8,No,No,Bank transfer (automatic),Priority outreach + long-term contract incentive
0115-TFERT,0.6766633885315319,Very High,21,Month-to-month,111.2,Yes,No,Electronic check,Priority outreach + long-term contract incentive
5685-IIXLY,0.6764543948432854,Very High,5,Month-to-month,83.6,No,No,Electronic check,Priority outreach + long-term contract incentive
1740-CSDJP,0.6757001051929847,Very High,1,Month-to-month,35.25,No,No,Bank transfer (automatic),Priority outreach + long-term contract incentive
6892-XPFPU,0.6745443479895554,Very High,24,Month-to-month,104.25,No,No,Electronic check,Priority outreach + long-term contract incentive
8118-LSUEL,0.6745443479895554,Very High,23,Month-to-month,106.4,No,No,Electronic check,Priority outreach + long-term contract incentive
2799-ARNLO,0.6744870479398098,Very High,5,Month-to-month,69.35,No,No,Electronic check,Priority outreach + long-term contract incentive
6168-WFVVF,0.6744870479398098,Very High,3,Month-to-month,70.3,No,No,Electronic check,Priority outreach + long-term contract incentive
7044-YAACC,0.6744870479398098,Very High,4,Month-to-month,70.2,No,No,Electronic check,Priority outreach + long-term contract incentive
0644-OQMDK,0.6744870479398098,Very High,4,Month-to-month,70.65,No,No,Electronic check,Priority outreach + long-term contract incentive
8313-NDOIA,0.6742663820296553,Very High,24,Month-to-month,104.15,No,No,Electronic check,Priority outreach + long-term contract incentive
8625-AZYZY,0.6742663820296553,Very High,24,Month-to-month,104.65,No,No,Electronic check,Priority outreach + long-term contract incentive
3372-KWFBM,0.6742533567112305,Very High,16,Month-to-month,86.6,No,No,Electronic check,Priority outreach + long-term contract incentive
4514-GFCFI,0.6742533567112305,Very High,16,Month-to-month,84.75,No,No,Electronic check,Priority outreach + long-term contract incentive
3074-GQWYX,0.673562789881645,Very High,5,Month-to-month,75.9,No,No,Bank transfer (automatic),Priority outreach + long-term contract incentive
3106-ULWFW,0.6731599847399898,Very High,8,Month-to-month,85.2,No,No,Credit card (automatic),Priority outreach + long-term contract incentive
4636-QRJKY,0.6728148737914114,Very High,6,Month-to-month,80.5,Yes,No,Electronic check,Priority outreach + long-term contract incentive
4597-NUCQV,0.6709238459038221,Very High,24,Month-to-month,101.25,No,No,Electronic check,Priority outreach + long-term contract incentive
7363-QTBIW,0.6708720797359704,Very High,9,Month-to-month,79.75,No,No,Electronic check,Priority outreach + long-term contract incentive
6000-APYLU,0.6708720797359704,Very High,9,Month-to-month,80.8,No,No,Electronic check,Priority outreach + long-term contract incentive
0872-NXJYS,0.6708720797359704,Very High,9,Month-to-month,79.55,No,No,Electronic check,Priority outreach + long-term contract incentive
3585-ISXZP,0.6703817468138632,Very High,8,Month-to-month,95.65,No,No,Bank transfer (automatic),Priority outreach + long-term contract incentive
3677-IYRBF,0.6702926393988526,Very High,2,Month-to-month,30.4,No,No,Electronic check,Priority outreach + long-term contract incentive
7668-XCFYV,0.6702627799649586,Very High,17,Month-to-month,92.55,No,No,Electronic check,Priority outreach + long-term contract incentive
0822-GAVAP,0.6701012207955126,Very High,2,Month-to-month,34.7,No,No,Electronic check,Priority outreach + long-term contract incentive
2485-ITVKB,0.6701012207955126,Very High,2,Month-to-month,35.1,No,No,Electronic check,Priority outreach + long-term contract incentive
6215-NQCPY,0.6694260832530837,Very High,15,Month-to-month,99.7,No,Yes,Electronic check,Priority outreach + long-term contract incentive
1976-CFOCS,0.6691069479597123,Very High,1,Month-to-month,46.0,No,No,Electronic check,Priority outreach + long-term contract incentive
8080-DDEMJ,0.6691069479597123,Very High,1,Month-to-month,45.1,No,No,Electronic check,Priority outreach + long-term contract incentive
6185-TASNN,0.6691069479597123,Very High,1,Month-to-month,46.3,No,No,Electronic check,Priority outreach + long-term contract incentive
8720-RQSBJ,0.6691069479597123,Very High,1,Month-to-month,44.0,No,No,Electronic check,Priority outreach + long-term contract incentive
4706-DGAHW,0.6691069479597123,Very High,1,Month-to-month,45.2,No,No,Electronic check,Priority outreach + long-term contract incentive
7508-MYBOG,0.6690984819318496,Very High,14,Month-to-month,86.1,No,No,Electronic check,Priority outreach + long-term contract incentive
1342-JPNKI,0.668593599151051,Very High,10,Month-to-month,86.05,No,No,Bank transfer (automatic),Priority outreach + long-term contract incentive
7994-UYIVZ,0.6672703629284668,Very High,8,Month-to-month,85.65,No,No,Bank transfer (automatic),Priority outreach + long-term contract incentive
0871-URUWO,0.6672568949210421,Very High,13,Month-to-month,102.25,No,No,Credit card (automatic),Priority outreach + long-term contract incentive
7321-VGNKU,0.6671904958284549,Very High,2,Month-to-month,70.35,No,No,Electronic check,Priority outreach + long-term contract incentive
7394-LWLYN,0.6671904958284549,Very High,2,Month-to-month,70.15,No,No,Electronic check,Priority outreach + long-term contract incentive
4482-EWFMI,0.6671904958284549,Very High,2,Month-to-month,69.7,No,No,Electronic check,Priority outreach + long-term contract incentive
2897-DOVND,0.6671904958284549,Very High,2,Month-to-month,69.8,No,No,Electronic check,Priority outreach + long-term contract incentive
6077-BDPXA,0.6671904958284549,Very High,3,Month-to-month,70.15,No,No,Electronic check,Priority outreach + long-term contract incentive
3721-CNEYS,0.6671904958284549,Very High,2,Month-to-month,70.95,No,No,Electronic check,Priority outreach + long-term contract incentive
3750-CKVKH,0.6671904958284549,Very High,2,Month-to-month,67.75,No,No,Electronic check,Priority outreach + long-term contract incentive
9717-QEBGU,0.6671904958284549,Very High,2,Month-to-month,70.3,No,No,Electronic check,Priority outreach + long-term contract incentive
7379-POKDZ,0.6671904958284549,Very High,3,Month-to-month,70.3,No,No,Electronic check,Priority outreach + long-term contract incentive
8835-VSDSE,0.6671904958284549,Very High,2,Month-to-month,70.7,No,No,Electronic check,Priority outreach + long-term contract incentive
7245-NIIWQ,0.6671904958284549,Very High,3,Month-to-month,69.85,No,No,Electronic check,Priority outreach + long-term contract incentive
9237-HQITU,0.6671904958284549,Very High,2,Month-to-month,70.7,No,No,Electronic check,Priority outreach + long-term contract incentive
4884-ZTHVF,0.6669351375796208,Very High,8,Month-to-month,87.1,No,No,Electronic check,Priority outreach + long-term contract incentive
0455-XFASS,0.6664075166209406,Very High,3,Month-to-month,69.55,No,No,Electronic check,Priority outreach + long-term contract incentive
0508-OOLTO,0.6664075166209406,Very High,2,Month-to-month,71.65,No,No,Electronic check,Priority outreach + long-term contract incentive
2862-PFNIK,0.6652611627728796,Very High,1,Month-to-month,24.7,No,No,Electronic check,Priority outreach + long-term contract incentive
7242-QZLXF,0.6652611627728796,Very High,1,Month-to-month,25.3,No,No,Electronic check,Priority outreach + long-term contract incentive
9921-ZVRHG,0.6645066739349559,Very High,14,Month-to-month,80.45,No,No,Electronic check,Priority outreach + long-term contract incentive
4853-OITSN,0.6639646251851833,Very High,5,Month-to-month,89.15,No,Yes,Electronic check,Priority outreach + long-term contract incentive
1866-OBPNR,0.6635754316789401,Very High,1,Month-to-month,74.6,No,No,Credit card (automatic),Priority outreach + long-term contract incentive
1195-OIYEJ,0.663473871495599,Very High,13,Month-to-month,91.1,No,No,Electronic check,Priority outreach + long-term contract incentive
5995-SNNEW,0.6634412313352418,Very High,23,Month-to-month,104.45,No,No,Electronic check,Priority outreach + long-term contract incentive
7156-MHUGY,0.6630748174397134,Very High,13,Month-to-month,90.5,No,No,Electronic check,Priority outreach + long-term contract incentive
8118-TJAFG,0.662849711230009,Very High,9,Month-to-month,101.5,Yes,No,Electronic check,Priority outreach + long-term contract incentive
5318-IXUZF,0.6628476678795874,Very High,2,Month-to-month,87.15,No,No,Bank transfer (automatic),Priority outreach + long-term contract incentive
5590-BYNII,0.6628459915196611,Very High,22,Month-to-month,100.75,No,Yes,Electronic check,Priority outreach + long-term contract incentive
6432-TWQLB,0.66256532354719,Very High,5,Month-to-month,85.4,Yes,No,Electronic check,Priority outreach + long-term contract incentive
0125-LZQXK,0.6620371487507823,Very High,15,Month-to-month,101.35,Yes,No,Electronic check,Priority outreach + long-term contract incentive
4735-ASGMA,0.6620329258199361,Very High,26,Month-to-month,98.35,No,No,Electronic check,Priority outreach + long-term contract incentive
0004-TLHLJ,0.6619505796534169,Very High,4,Month-to-month,73.9,No,No,Electronic check,Priority outreach + long-term contract incentive
0018-NYROU,0.6619505796534169,Very High,5,Month-to-month,68.95,No,No,Electronic check,Priority outreach + long-term contract incentive
3453-RTHJQ,0.6619505796534169,Very High,6,Month-to-month,69.1,No,No,Electronic check,Priority outreach + long-term contract incentive
2568-BRGYX,0.6619505796534169,Very High,4,Month-to-month,70.2,No,No,Electronic check,Priority outreach + long-term contract incentive
9633-XQABV,0.6619505796534169,Very High,3,Month-to-month,70.25,No,No,Electronic check,Priority outreach + long-term contract incentive
2058-DCJBE,0.6619505796534169,Very High,5,Month-to-month,69.75,No,No,Electronic check,Priority outreach + long-term contract incentive
6047-YHPVI,0.6619505796534169,Very High,5,Month-to-month,69.7,No,No,Electronic check,Priority outreach + long-term contract incentive
9408-SSNVZ,0.6619505796534169,Very High,4,Month-to-month,70.15,No,No,Electronic check,Priority outreach + long-term contract incentive
4585-HETAI,0.6611615335198402,Very High,4,Month-to-month,73.75,No,No,Electronic check,Priority outreach + long-term contract incentive
8861-HGGKB,0.6610198494666831,Very High,10,Month-to-month,86.45,No,No,Electronic check,Priority outreach + long-term contract incentive
3855-ONCAR,0.6607932562913881,Very High,4,Month-to-month,78.9,No,No,Mailed check,Priority outreach + long-term contract incentive
2876-GZYZC,0.6605654232093425,Very High,13,Month-to-month,85.95,No,No,Electronic check,Priority outreach + long-term contract incentive
0094-OIFMO,0.6602020188785442,Very High,11,Month-to-month,95.0,No,No,Electronic check,Priority outreach + long-term contract incentive
6689-TCZHQ,0.6586983771264006,Very High,5,Month-to-month,78.95,No,No,Electronic check,Priority outreach + long-term contract incentive
3663-MITLP,0.6586732476182221,Very High,15,Month-to-month,101.25,No,No,Electronic check,Priority outreach + long-term contract incentive
3063-QFSZL,0.6582558699867754,Very High,1,Month-to-month,55.4,No,No,Electronic check,Priority outreach + long-term contract incentive
5909-ECHUI,0.6582558699867754,Very High,1,Month-to-month,56.25,No,No,Electronic check,Priority outreach + long-term contract incentive
5501-TVMGM,0.6582558699867754,Very High,1,Month-to-month,55.25,No,No,Electronic check,Priority outreach + long-term contract incentive
3583-EKAPL,0.6582558699867754,Very High,1,Month-to-month,55.0,No,No,Electronic check,Priority outreach + long-term contract incentive
9822-OAOVB,0.6582558699867754,Very High,1,Month-to-month,55.45,No,No,Electronic check,Priority outreach + long-term contract incentive
1251-STYSZ,0.6581668138813804,Very High,4,Month-to-month,80.25,No,Yes,Electronic check,Priority outreach + long-term contract incentive
5923-GXUOC,0.6581441119305024,Very High,10,Month-to-month,104.4,No,Yes,Electronic check,Priority outreach + long-term contract incentive
8266-VBFQL,0.6579287317981684,Very High,4,Month-to-month,90.4,Yes,No,Electronic check,Priority outreach + long-term contract incentive
8699-ASUFO,0.657793245002679,Very High,7,Month-to-month,74.4,No,No,Mailed check,Priority outreach + long-term contract incentive
6127-ISGTU,0.6576232529351622,Very High,16,Month-to-month,84.95,No,No,Electronic check,Priority outreach + long-term contract incentive
2135-DQWAQ,0.6575744688502208,Very High,5,Month-to-month,85.3,No,No,Mailed check,Priority outreach + long-term contract incentive
9436-ZBZCT,0.6571729020200541,Very High,14,Month-to-month,89.95,Yes,No,Electronic check,Priority outreach + long-term contract incentive
3393-FMZPV,0.6569295599255842,Very High,25,Month-to-month,100.25,No,No,Electronic check,Priority outreach + long-term contract incentive
7326-RIGQZ,0.6569020434904985,Very High,6,Month-to-month,69.8,No,No,Electronic check,Priority outreach + long-term contract incentive
7780-OTDSO,0.6562695343049639,Very High,18,Month-to-month,99.4,No,Yes,Electronic check,Priority outreach + long-term contract incentive
8263-JQAIK,0.6549499618970229,Very High,2,Month-to-month,24.45,No,No,Mailed check,Priority outreach + long-term contract incentive
5429-LWCMV,0.6542869205440894,Very High,12,Month-to-month,89.15,No,No,Electronic check,Priority outreach + long-term contract incentive
2272-QAGFO,0.654044949090187,Very High,14,Month-to-month,74.3,No,No,Electronic check,Priority outreach + long-term contract incentive
8107-KNCIM,0.654044949090187,Very High,14,Month-to-month,75.1,No,No,Electronic check,Priority outreach + long-term contract incentive
9685-WKZGT,0.654044949090187,Very High,14,Month-to-month,74.95,No,No,Electronic check,Priority outreach + long-term contract incentive
9846-GKXAS,0.6538552236310591,Very High,9,Month-to-month,90.8,No,No,Bank transfer (automatic),Priority outreach + long-term contract incentive
7384-GHBPI,0.6532551684628884,Very High,3,Month-to-month,35.15,No,No,Electronic check,Priority outreach + long-term contract incentive
3420-YJLQT,0.6531711030574181,Very High,2,Month-to-month,79.55,No,No,Electronic check,Priority outreach + long-term contract incentive
7590-VHVEG,0.6519776861030018,Very High,1,Month-to-month,29.85,No,No,Electronic check,Priority outreach + long-term contract incentive
0432-CAJZV,0.6511742923918742,Very High,3,Month-to-month,90.7,No,No,Mailed check,Priority outreach + long-term contract incentive
0674-EYYZV,0.6506524877323004,Very High,1,Month-to-month,54.65,No,No,Electronic check,Priority outreach + long-term contract incentive
9314-IJWSQ,0.6505925673221795,Very High,14,Month-to-month,84.8,No,No,Electronic check,Priority outreach + long-term contract incentive
9050-IKDZA,0.6503491641025311,Very High,2,Month-to-month,81.5,No,No,Mailed check,Priority outreach + long-term contract incentive
5159-YFPKQ,0.6500778007400012,Very High,2,Month-to-month,75.8,No,No,Electronic check,Priority outreach + long-term contract incentive
5569-KGJHX,0.6500742154579544,Very High,9,Month-to-month,85.35,No,No,Bank transfer (automatic),Priority outreach + long-term contract incentive
4201-JMNGR,0.6491817211323226,Very High,1,Month-to-month,55.8,No,Yes,Electronic check,Priority outreach + long-term contract incentive
0302-JOIVN,0.6489108240331285,Very High,8,Month-to-month,101.15,No,No,Electronic check,Priority outreach + long-term contract incentive
4021-RQSNY,0.6476284938934649,Very High,29,Month-to-month,98.5,No,No,Electronic check,Priority outreach + long-term contract incentive
7890-VYYWG,0.6475751757891475,Very High,3,Month-to-month,36.45,No,No,Mailed check,Priority outreach + long-term contract incentive
1965-AKTSX,0.6469825862395453,Very High,14,Month-to-month,78.95,No,No,Electronic check,Priority outreach + long-term contract incentive
3420-ZDBMA,0.6467021025247899,Very High,5,Month-to-month,71.45,No,No,Mailed check,Priority outreach + long-term contract incentive
2815-CPTUL,0.6467021025247899,Very High,5,Month-to-month,70.25,No,No,Mailed check,Priority outreach + long-term contract incentive
8485-GJCDN,0.6467021025247899,Very High,5,Month-to-month,69.05,No,No,Mailed check,Priority outreach + long-term contract incentive
7823-JSOAG,0.6463339790368364,Very High,3,Month-to-month,74.5,No,No,Electronic check,Priority outreach + long-term contract incentive
8873-GLDMH,0.6460756412628569,Very High,6,Month-to-month,73.85,No,No,Mailed check,Priority outreach + long-term contract incentive
2761-OCIAX,0.6455763050183874,Very High,2,Month-to-month,74.7,No,No,Electronic check,Priority outreach + long-term contract incentive
3904-UKFRE,0.6453323125282228,Very High,4,Month-to-month,80.1,No,Yes,Electronic check,Priority outreach + long-term contract incentive
6400-BWQKW,0.6453323125282228,Very High,6,Month-to-month,79.05,No,Yes,Electronic check,Priority outreach + long-term contract incentive
0793-TWELN,0.6453323125282228,Very High,4,Month-to-month,80.15,No,Yes,Electronic check,Priority outreach + long-term contract incentive
5027-QPKTE,0.6452531727224422,Very High,7,Month-to-month,69.35,No,No,Electronic check,Priority outreach + long-term contract incentive
8325-QRPZR,0.6452531727224422,Very High,7,Month-to-month,75.15,No,No,Electronic check,Priority outreach + long-term contract incentive
4291-SHSBH,0.6452531727224422,Very High,7,Month-to-month,69.55,No,No,Electronic check,Priority outreach + long-term contract incentive
1475-VWVDO,0.6452531727224422,Very High,7,Month-to-month,74.9,No,No,Electronic check,Priority outreach + long-term contract incentive
2722-JMONI,0.6451985877622454,Very High,1,Month-to-month,49.55,No,Yes,Electronic check,Priority outreach + long-term contract incentive
4193-ORFCL,0.6451655516287785,Very High,1,Month-to-month,45.1,No,No,Mailed check,Priority outreach + long-term contract incentive
2260-USTRB,0.6448503481534589,Very High,2,Month-to-month,70.2,No,No,Bank transfer (automatic),Priority outreach + long-term contract incentive
8413-VONUO,0.6446086964492302,Very High,2,Month-to-month,95.65,No,No,Electronic check,Priority outreach + long-term contract incentive
0345-HKJVM,0.6445572460631152,Very High,6,Month-to-month,89.3,No,No,Electronic check,Priority outreach + long-term contract incentive
2868-SNELZ,0.6439531280270934,Very High,2,Month-to-month,80.6,No,No,Mailed check,Priority outreach + long-term contract incentive
6087-MVHJH,0.6433543408687556,Very High,16,Month-to-month,88.45,No,No,Electronic check,Priority outreach + long-term contract incentive
6959-UWKHF,0.642523526693398,Very High,1,Month-to-month,42.9,No,No,Electronic check,Priority outreach + long-term contract incentive
8734-DKSTZ,0.6423036629759253,Very High,10,Month-to-month,85.95,No,No,Electronic check,Priority outreach + long-term contract incentive
6608-QQLVK,0.6420341358820971,Very High,1,Month-to-month,50.5,No,No,Electronic check,Priority outreach + long-term contract incentive
6100-QQHEB,0.6409700583730998,Very High,17,Month-to-month,92.55,No,No,Electronic check,Priority outreach + long-term contract incentive
0925-VYDLG,0.6409424072018565,Very High,3,Month-to-month,75.25,No,No,Electronic check,Priority outreach + long-term contract incentive
9874-QLCLH,0.6409324358750211,Very High,17,Month-to-month,104.2,No,Yes,Electronic check,Priority outreach + long-term contract incentive
4822-NGOCH,0.6408953937526809,Very High,13,Month-to-month,84.45,No,No,Electronic check,Priority outreach + long-term contract incentive
2018-PZKMU,0.640349701234619,Very High,9,Month-to-month,103.1,Yes,No,Electronic check,Priority outreach + long-term contract incentive
2575-GFSOE,0.6400908541140307,Very High,7,Month-to-month,69.0,No,No,Electronic check,Priority outreach + long-term contract incentive
1077-HUUJM,0.6400908541140307,Very High,7,Month-to-month,71.05,No,No,Electronic check,Priority outreach + long-term contract incentive
3841-CONLJ,0.6394343358184911,Very High,1,Month-to-month,35.0,No,No,Electronic check,Priority outreach + long-term contract incentive
7854-FOKSF,0.6394343358184911,Very High,1,Month-to-month,35.9,No,No,Electronic check,Priority outreach + long-term contract incentive
2984-AFWNC,0.6392055050061383,Very High,3,Month-to-month,95.4,No,No,Electronic check,Priority outreach + long-term contract incentive
7315-WYOAW,0.6391314535968746,Very High,13,Month-to-month,100.75,Yes,No,Electronic check,Priority outreach + long-term contract incentive
3629-ZNKXA,0.6389091374478197,Very High,17,Month-to-month,101.8,No,No,Electronic check,Priority outreach + long-term contract incentive
4373-VVHQL,0.6380151007862253,Very High,1,Month-to-month,44.75,No,No,Electronic check,Priority outreach + long-term contract incentive
2135-RXIHG,0.6380151007862253,Very High,1,Month-to-month,45.65,No,No,Electronic check,Priority outreach + long-term contract incentive
2082-CEFLT,0.6380151007862253,Very High,1,Month-to-month,45.6,No,No,Electronic check,Priority outreach + long-term contract incentive
4855-SNKMY,0.6380151007862253,Very High,1,Month-to-month,44.1,No,No,Electronic check,Priority outreach + long-term contract incentive
8356-WUAOJ,0.6380151007862253,Very High,1,Month-to-month,45.0,No,No,Electronic check,Priority outreach + long-term contract incentive
8705-WZCYL,0.6380151007862253,Very High,1,Month-to-month,44.8,No,No,Electronic check,Priority outreach + long-term contract incentive
5077-DXTCG,0.6380151007862253,Very High,1,Month-to-month,45.3,No,No,Electronic check,Priority outreach + long-term contract incentive
6128-CZOMY,0.6380151007862253,Very High,1,Month-to-month,45.65,No,No,Electronic check,Priority outreach + long-term contract incentive
6101-IMRMM,0.6377569844314006,Very High,6,Month-to-month,94.5,No,No,Mailed check,Priority outreach + long-term contract incentive
9734-UYXQI,0.6377351049885078,Very High,2,Month-to-month,49.4,No,No,Electronic check,Priority outreach + long-term contract incentive
4361-JEIVL,0.6372008064903141,Very High,1,Month-to-month,44.4,No,No,Electronic check,Priority outreach + long-term contract incentive
8064-RAVOH,0.6372008064903141,Very High,1,Month-to-month,49.85,No,No,Electronic check,Priority outreach + long-term contract incentive
9828-AOQLM,0.6372008064903141,Very High,1,Month-to-month,45.7,No,No,Electronic check,Priority outreach + long-term contract incentive
2424-WVHPL,0.6369686605920812,Very High,1,Month-to-month,74.7,Yes,No,Electronic check,Priority outreach + long-term contract incentive
1024-VRZHF,0.6369386857965985,Very High,11,Month-to-month,74.95,No,No,Electronic check,Priority outreach + long-term contract incentive
8875-AKBYH,0.6367871118138693,Very High,20,Month-to-month,84.35,No,No,Electronic check,Priority outreach + long-term contract incentive
9840-DVNDC,0.6364973946708857,Very High,6,Month-to-month,80.5,No,No,Credit card (automatic),Priority outreach + long-term contract incentive
1602-IJQQE,0.636465820375671,Very High,4,Month-to-month,75.35,No,No,Electronic check,Priority outreach + long-term contract incentive
4290-BSXUX,0.6361954434274051,Very High,3,Month-to-month,79.65,Yes,No,Bank transfer (automatic),Priority outreach + long-term contract incentive
9565-DJPIB,0.6361461866152811,Very High,4,Month-to-month,89.6,No,No,Mailed check,Priority outreach + long-term contract incentive
8010-EZLOU,0.6359493759869927,Very High,15,Month-to-month,80.2,No,No,Electronic check,Priority outreach + long-term contract incentive
4439-JMPMT,0.6357021706626109,Very High,5,Month-to-month,85.75,Yes,No,Electronic check,Priority outreach + long-term contract incentive
3001-UNBTL,0.6356652663451237,Very High,29,Month-to-month,103.95,No,No,Electronic check,Priority outreach + long-term contract incentive
7394-FKDNK,0.6355989611030307,Very High,9,Month-to-month,89.45,No,No,Electronic check,Priority outreach + long-term contract incentive
4123-DVHPH,0.635492917936755,Very High,9,Month-to-month,88.05,No,Yes,Electronic check,Priority outreach + long-term contract incentive
3999-QGRJH,0.635469264613548,Very High,8,Month-to-month,69.7,No,No,Electronic check,Priority outreach + long-term contract incentive
1016-DJTSV,0.635469264613548,Very High,8,Month-to-month,69.7,No,No,Electronic check,Priority outreach + long-term contract incentive
7089-IVVAZ,0.6352413689541606,Very High,8,Month-to-month,103.35,Yes,Yes,Bank transfer (automatic),Priority outreach + long-term contract incentive
7029-RPUAV,0.6345663730643691,Very High,17,Month-to-month,100.45,No,No,Credit card (automatic),Priority outreach + long-term contract incentive
7273-TEFQD,0.6344458126403899,Very High,3,Month-to-month,41.15,No,No,Electronic check,Priority outreach + long-term contract incentive
9402-ORRAH,0.6342283956560167,Very High,15,Month-to-month,91.5,No,No,Electronic check,Priority outreach + long-term contract incentive
5609-CEBID,0.6337741590579388,Very High,20,Month-to-month,94.1,No,No,Electronic check,Priority outreach + long-term contract incentive
4749-VFKVB,0.6337149285331438,Very High,1,Month-to-month,50.1,No,No,Mailed check,Priority outreach + long-term contract incentive
7442-YGZFK,0.6337149285331438,Very High,1,Month-to-month,49.8,No,No,Credit card (automatic),Priority outreach + long-term contract incentive
3334-CTHOL,0.6337149285331438,Very High,1,Month-to-month,49.95,No,No,Bank transfer (automatic),Priority outreach + long-term contract incentive
5949-XIKAE,0.6332062400679463,Very High,8,Month-to-month,83.55,No,No,Electronic check,Priority outreach + long-term contract incentive
4770-UEZOX,0.6325330102256556,Very High,2,Month-to-month,74.75,No,No,Electronic check,Priority outreach + long-term contract incentive
8035-PWSEV,0.6319790869910082,Very High,6,Month-to-month,89.25,Yes,No,Electronic check,Priority outreach + long-term contract incentive
4919-IKATY,0.631780462198003,Very High,5,Month-to-month,84.5,No,Yes,Electronic check,Priority outreach + long-term contract incentive
5649-ANRML,0.6315021973948014,Very High,2,Month-to-month,95.1,Yes,No,Credit card (automatic),Priority outreach + long-term contract incentive
6583-KQJLK,0.6312464222153499,Very High,15,Month-to-month,94.65,No,No,Electronic check,Priority outreach + long-term contract incentive
3413-BMNZE,0.6310229760279211,Very High,1,Month-to-month,45.25,No,No,Bank transfer (automatic),Priority outreach + long-term contract incentive
2154-KVJFF,0.6297248119957042,Very High,15,Month-to-month,79.75,No,No,Electronic check,Priority outreach + long-term contract incentive
9851-KIELU,0.6292706978733267,Very High,10,Month-to-month,110.1,Yes,Yes,Electronic check,Priority outreach + long-term contract incentive
7912-SYRQT,0.6290335475597593,Very High,7,Month-to-month,75.1,No,No,Bank transfer (automatic),Priority outreach + long-term contract incentive
5937-EORGB,0.6289870319348967,Very High,15,Month-to-month,96.5,No,Yes,Electronic check,Priority outreach + long-term contract incentive
6260-ONULR,0.6279011725884022,Very High,1,Month-to-month,62.8,No,No,Mailed check,Priority outreach + long-term contract incentive
0231-LXVAP,0.6278430165241174,Very High,1,Month-to-month,75.9,Yes,No,Electronic check,Priority outreach + long-term contract incentive
4633-MKHYU,0.6277713904206834,Very High,9,Month-to-month,88.4,No,No,Mailed check,Priority outreach + long-term contract incentive
3249-ZPQRG,0.627388147325227,Very High,4,Month-to-month,78.45,No,No,Electronic check,Priority outreach + long-term contract incentive
5399-ZIMKF,0.6270524462626017,Very High,5,Month-to-month,74.65,No,No,Electronic check,Priority outreach + long-term contract incentive
7892-POOKP,0.6269930902119786,Very High,28,Month-to-month,104.8,Yes,No,Electronic check,Priority outreach + long-term contract incentive
2845-AFFTX,0.6265684349884085,Very High,41,Month-to-month,99.8,No,No,Electronic check,Priority outreach + long-term contract incentive
0746-JTRFU,0.6264125932369906,Very High,2,Month-to-month,25.05,No,No,Electronic check,Priority outreach + long-term contract incentive
9189-JWSHV,0.6263018265918304,Very High,24,Month-to-month,93.55,No,No,Electronic check,Priority outreach + long-term contract incentive
7831-QGOXH,0.6257706173788115,Very High,18,Month-to-month,85.2,No,No,Electronic check,Priority outreach + long-term contract incentive
0013-EXCHZ,0.6252315429708988,Very High,3,Month-to-month,83.9,Yes,No,Mailed check,Priority outreach + long-term contract incentive
3627-FHKBK,0.6248943568511456,Very High,1,Month-to-month,75.3,No,Yes,Mailed check,Priority outreach + long-term contract incentive
7198-GLXTC,0.6247198513344682,Very High,2,Month-to-month,79.0,No,No,Electronic check,Priority outreach + long-term contract incentive
7495-OOKFY,0.6245569458804952,Very High,8,Month-to-month,80.65,No,No,Credit card (automatic),Priority outreach + long-term contract incentive
2845-HSJCY,0.6242172719586638,Very High,14,Month-to-month,87.25,No,No,Electronic check,Priority outreach + long-term contract incentive
1379-FRVEB,0.623840923188591,Very High,15,Month-to-month,91.0,No,No,Electronic check,Priority outreach + long-term contract incentive
1196-AMORA,0.6237970660899722,Very High,7,Month-to-month,73.6,No,No,Electronic check,Priority outreach + long-term contract incentive
9360-OMDZZ,0.6235491733834557,Very High,24,Month-to-month,94.1,No,No,Electronic check,Priority outreach + long-term contract incentive
3370-HXOPH,0.6232422010727395,Very High,3,Month-to-month,76.1,No,No,Electronic check,Priority outreach + long-term contract incentive
5832-XKAES,0.6230884849298927,Very High,2,Month-to-month,69.8,No,No,Credit card (automatic),Priority outreach + long-term contract incentive
9576-ANLXO,0.6230884849298927,Very High,3,Month-to-month,69.55,No,No,Bank transfer (automatic),Priority outreach + long-term contract incentive
2905-KFQUV,0.6230884849298927,Very High,2,Month-to-month,70.4,No,No,Credit card (automatic),Priority outreach + long-term contract incentive
4450-DLLMH,0.6230884849298927,Very High,2,Month-to-month,71.3,No,No,Credit card (automatic),Priority outreach + long-term contract incentive
4029-HPFVY,0.6230884849298927,Very High,3,Month-to-month,70.3,No,No,Mailed check,Priority outreach + long-term contract incentive
4983-CCWMC,0.6230884849298927,Very High,3,Month-to-month,69.6,No,No,Mailed check,Priority outreach + long-term contract incentive
7952-OBOYL,0.62240575602399,Very High,3,Month-to-month,89.85,Yes,No,Mailed check,Priority outreach + long-term contract incentive
7537-RBWEA,0.62234117525433,Very High,1,Month-to-month,25.15,No,No,Mailed check,Priority outreach + long-term contract incentive
4367-NHWMM,0.62234117525433,Very High,1,Month-to-month,24.9,No,No,Mailed check,Priority outreach + long-term contract incentive
6032-IGALN,0.62234117525433,Very High,1,Month-to-month,25.1,No,No,Mailed check,Priority outreach + long-term contract incentive
9136-ALYBR,0.62234117525433,Very High,1,Month-to-month,24.45,No,No,Mailed check,Priority outreach + long-term contract incentive
9741-YLNTD,0.6223382008870733,Very High,6,Month-to-month,87.95,Yes,No,Bank transfer (automatic),Priority outreach + long-term contract incentive
3908-BLSYF,0.6219876563373666,Very High,6,Month-to-month,83.9,No,No,Electronic check,Priority outreach + long-term contract incentive
2737-YNGYW,0.6219318157590985,Very High,2,Month-to-month,80.55,No,No,Electronic check,Priority outreach + long-term contract incentive
8183-ONMXC,0.6219318157590985,Very High,2,Month-to-month,80.75,No,No,Electronic check,Priority outreach + long-term contract incentive
9391-EOYLI,0.6212888652623191,Very High,12,Month-to-month,80.45,No,No,Electronic check,Priority outreach + long-term contract incentive
9430-FRQOC,0.6206895705460799,Very High,4,Month-to-month,87.1,Yes,No,Mailed check,Priority outreach + long-term contract incentive
8868-WOZGU,0.6197505209346428,Very High,28,Month-to-month,105.7,No,No,Electronic check,Priority outreach + long-term contract incentive
2025-JKFWI,0.6194774848124492,Very High,13,Month-to-month,99.0,Yes,No,Mailed check,Priority outreach + long-term contract incentive
0168-XZKBB,0.6193241808699201,Very High,19,Month-to-month,86.85,No,No,Electronic check,Priority outreach + long-term contract incentive
5366-IJEQJ,0.6193241808699201,Very High,20,Month-to-month,88.7,No,No,Electronic check,Priority outreach + long-term contract incentive
6331-EWIEB,0.6193241808699201,Very High,20,Month-to-month,85.25,No,No,Electronic check,Priority outreach + long-term contract incentive
6110-OHIHY,0.6191929129694004,Very High,3,Month-to-month,79.25,No,No,Electronic check,Priority outreach + long-term contract incentive
6918-UMQCG,0.6191929129694004,Very High,5,Month-to-month,80.2,No,No,Electronic check,Priority outreach + long-term contract incentive
3254-YRILK,0.619067505624771,Very High,19,Month-to-month,88.2,No,No,Electronic check,Priority outreach + long-term contract incentive
6629-CZTTH,0.6190501674477868,Very High,1,Month-to-month,55.7,No,No,Mailed check,Priority outreach + long-term contract incentive
4074-SJFFA,0.6190501674477868,Very High,1,Month-to-month,54.75,No,No,Mailed check,Priority outreach + long-term contract incentive
9647-ERGBE,0.6190094073407206,Very High,30,Month-to-month,100.05,No,No,Electronic check,Priority outreach + long-term contract incentive
0875-CABNR,0.6185940762658886,Very High,10,Month-to-month,84.6,No,No,Credit card (automatic),Priority outreach + long-term contract incentive
4559-UWIHT,0.6184702997076579,Very High,14,Month-to-month,82.65,No,No,Electronic check,Priority outreach + long-term contract incentive
1866-RZZQS,0.6183845528365765,Very High,41,Month-to-month,98.4,No,No,Electronic check,Priority outreach + long-term contract incentive
1078-TDCRN,0.6181818590342745,Very High,3,Month-to-month,30.75,No,No,Electronic check,Priority outreach + long-term contract incentive
5712-PTIWW,0.6181715957760859,Very High,2,Month-to-month,79.85,Yes,No,Electronic check,Priority outreach + long-term contract incentive
6379-RXJRQ,0.6179809840340115,Very High,10,Month-to-month,70.1,No,No,Electronic check,Priority outreach + long-term contract incentive
2482-CZGBB,0.6179809840340115,Very High,10,Month-to-month,70.0,No,No,Electronic check,Priority outreach + long-term contract incentive
8270-RKSAP,0.6179809840340115,Very High,9,Month-to-month,70.5,No,No,Electronic check,Priority outreach + long-term contract incentive
6339-YPSAH,0.6179809840340115,Very High,9,Month-to-month,73.8,No,No,Electronic check,Priority outreach + long-term contract incentive
5976-JCJRH,0.6179809840340115,Very High,10,Month-to-month,70.3,No,No,Electronic check,Priority outreach + long-term contract incentive
1867-BDVFH,0.6176619489034679,Very High,11,Month-to-month,74.35,No,No,Electronic check,Priority outreach + long-term contract incentive
3376-BMGFE,0.6175522290818873,Very High,4,Month-to-month,70.9,No,No,Bank transfer (automatic),Priority outreach + long-term contract incentive
2984-MIIZL,0.6175522290818873,Very High,4,Month-to-month,74.8,No,No,Bank transfer (automatic),Priority outreach + long-term contract incentive
2800-VEQXM,0.6175522290818873,Very High,3,Month-to-month,74.75,No,No,Mailed check,Priority outreach + long-term contract incentive
2608-BHKFN,0.6175522290818873,Very High,4,Month-to-month,70.05,No,No,Credit card (automatic),Priority outreach + long-term contract incentive
8617-ENBDS,0.6175522290818873,Very High,3,Month-to-month,73.6,No,No,Credit card (automatic),Priority outreach + long-term contract incentive
3186-BAXNB,0.6173774477955827,Very High,1,Month-to-month,91.7,Yes,No,Electronic check,Priority outreach + long-term contract incentive
5482-PLVPE,0.6172059417764681,Very High,2,Month-to-month,24.35,No,No,Electronic check,Priority outreach + long-term contract incentive
2495-INZWQ,0.6170999806349374,Very High,4,Month-to-month,44.55,No,No,Electronic check,Priority outreach + long-term contract incentive
8120-JDCAM,0.6167195560940643,Very High,4,Month-to-month,69.55,No,No,Mailed check,Priority outreach + long-term contract incentive
6986-IXNDM,0.6167164904537361,Very High,14,Month-to-month,92.9,No,No,Electronic check,Priority outreach + long-term contract incentive
0727-IWKVK,0.616423258212837,Very High,9,Month-to-month,79.9,No,No,Electronic check,Priority outreach + long-term contract incentive
4910-AQFFX,0.6163701650952808,Very High,9,Month-to-month,79.35,No,No,Bank transfer (automatic),Priority outreach + long-term contract incentive
0947-IDHRQ,0.6163399605589176,Very High,7,Month-to-month,80.3,No,No,Mailed check,Priority outreach + long-term contract incentive
4299-SIMNS,0.6161944812873995,Very High,9,Month-to-month,81.15,No,Yes,Electronic check,Priority outreach + long-term contract incentive
8132-YPVBX,0.6158923429727129,Very High,6,Month-to-month,85.95,No,No,Mailed check,Priority outreach + long-term contract incentive
2038-OEQZH,0.6157023400611995,Very High,4,Month-to-month,86.05,No,No,Electronic check,Priority outreach + long-term contract incentive
5729-KLZAR,0.6155554011488128,Very High,4,Month-to-month,80.85,No,No,Electronic check,Priority outreach + long-term contract incentive
4631-OACRM,0.6155140068610044,Very High,15,Month-to-month,79.4,No,No,Electronic check,Priority outreach + long-term contract incentive
1583-IHQZE,0.6150678491614592,Very High,12,Month-to-month,112.95,Yes,No,Mailed check,Priority outreach + long-term contract incentive
4706-AXVKM,0.6147735309808632,Very High,11,Month-to-month,84.8,No,No,Credit card (automatic),Priority outreach + long-term contract incentive
6818-DJXAA,0.6146062554113865,Very High,10,Month-to-month,91.1,Yes,No,Electronic check,Priority outreach + long-term contract incentive
9250-WYPLL,0.6146012766222513,Very High,5,Month-to-month,75.55,No,No,Electronic check,Priority outreach + long-term contract incentive
6198-ZFIOJ,0.6146012766222513,Very High,5,Month-to-month,75.6,No,No,Electronic check,Priority outreach + long-term contract incentive
0420-HLGXF,0.6135228881395535,Very High,39,Month-to-month,99.75,No,No,Electronic check,Priority outreach + long-term contract incentive
4958-XCBDQ,0.6135228881395535,Very High,35,Month-to-month,101.4,No,No,Electronic check,Priority outreach + long-term contract incentive
6851-WEFYX,0.6135228881395535,Very High,35,Month-to-month,100.8,No,No,Electronic check,Priority outreach + long-term contract incentive
6029-WTIPC,0.6135228881395535,Very High,37,Month-to-month,101.1,No,No,Electronic check,Priority outreach + long-term contract incentive
7028-DVOIQ,0.6135228881395535,Very High,35,Month-to-month,99.05,No,No,Electronic check,Priority outreach + long-term contract incentive
4349-GFQHK,0.6133136348522822,Very High,1,Month-to-month,54.35,No,No,Electronic check,Priority outreach + long-term contract incentive
7825-ECJRF,0.6126218519666625,Very High,19,Month-to-month,106.6,Yes,Yes,Electronic check,Priority outreach + long-term contract incentive
1508-DFXCU,0.6121544040010903,Very High,12,Month-to-month,81.45,No,No,Electronic check,Priority outreach + long-term contract incentive
0689-NKYLF,0.6121544040010903,Very High,13,Month-to-month,83.2,No,No,Electronic check,Priority outreach + long-term contract incentive
4059-IIEBK,0.6119092733704086,Very High,7,Month-to-month,78.55,No,No,Bank transfer (automatic),Priority outreach + long-term contract incentive
2235-DWLJU,0.6117040234663723,Very High,6,Month-to-month,44.4,No,No,Electronic check,Priority outreach + long-term contract incentive
7402-EYFXX,0.6116302200939266,Very High,26,Month-to-month,93.6,No,No,Electronic check,Priority outreach + long-term contract incentive
2357-COQEK,0.6110317846229972,Very High,28,Month-to-month,103.3,Yes,No,Electronic check,Priority outreach + long-term contract incentive
5628-FCGYG,0.6107724462065759,Very High,21,Month-to-month,84.1,No,No,Electronic check,Priority outreach + long-term contract incentive
9992-RRAMN,0.6107724462065759,Very High,22,Month-to-month,85.1,No,No,Electronic check,Priority outreach + long-term contract incentive
4317-VTEOA,0.6106216177627252,Very High,1,Month-to-month,50.75,No,No,Electronic check,Priority outreach + long-term contract incentive
4385-GZQXV,0.6105300279763821,Very High,16,Month-to-month,94.45,Yes,No,Electronic check,Priority outreach + long-term contract incentive
7625-XCQRH,0.6104823364680928,Very High,11,Month-to-month,76.5,No,No,Electronic check,Priority outreach + long-term contract incentive
6543-XRMYR,0.6101288235072225,Very High,30,Month-to-month,99.7,No,No,Electronic check,Priority outreach + long-term contract incentive
5520-FVEWJ,0.6096100407184462,Very High,12,Month-to-month,84.5,No,No,Electronic check,Priority outreach + long-term contract incentive
0480-BIXDE,0.6095292830409741,Very High,19,Month-to-month,96.8,No,No,Electronic check,Priority outreach + long-term contract incentive
4283-FUTGF,0.609136655694414,Very High,19,Month-to-month,79.85,No,No,Electronic check,Priority outreach + long-term contract incentive
2985-FMWYF,0.6086445957650222,Very High,23,Month-to-month,93.5,No,No,Electronic check,Priority outreach + long-term contract incentive
9494-MRNYX,0.6081638983998352,Very High,10,Month-to-month,75.05,No,No,Electronic check,Priority outreach + long-term contract incentive
9773-PEQBZ,0.6065916256840987,Very High,10,Month-to-month,79.85,No,No,Electronic check,Priority outreach + long-term contract incentive
9752-ZNQUT,0.6064660767167749,Very High,1,Month-to-month,48.6,No,No,Electronic check,Priority outreach + long-term contract incentive
0258-NOKBL,0.6064229390464245,Very High,3,Month-to-month,90.4,No,No,Electronic check,Priority outreach + long-term contract incentive
0876-WDUUZ,0.6061931460423411,Very High,5,Month-to-month,85.4,Yes,No,Credit card (automatic),Priority outreach + long-term contract incentive
0506-LVNGN,0.6060085577958993,Very High,5,Month-to-month,75.55,No,No,Credit card (automatic),Priority outreach + long-term contract incentive
4547-KQRTM,0.6050535258578361,Very High,10,Month-to-month,80.05,No,No,Bank transfer (automatic),Priority outreach + long-term contract incentive
4817-QRJSX,0.6050535258578361,Very High,10,Month-to-month,81.0,No,No,Credit card (automatic),Priority outreach + long-term contract incentive
0940-OUQEC,0.6050535258578361,Very High,10,Month-to-month,80.7,No,No,Bank transfer (automatic),Priority outreach + long-term contract incentive
8417-FMLZI,0.6047275975037743,Very High,6,Month-to-month,83.55,No,No,Credit card (automatic),Priority outreach + long-term contract incentive
2057-ZBLPD,0.6044192507678575,Very High,21,Month-to-month,86.5,No,No,Electronic check,Priority outreach + long-term contract incentive
0928-XUTSN,0.6035447083232597,Very High,13,Month-to-month,80.5,No,No,Electronic check,Priority outreach + long-term contract incentive
5228-EXCET,0.6035447083232597,Very High,13,Month-to-month,80.85,No,No,Electronic check,Priority outreach + long-term contract incentive
0411-EZJZE,0.6033038489292514,Very High,3,Month-to-month,60.25,No,No,Electronic check,Priority outreach + long-term contract incentive
4301-VVZKA,0.6030462200663486,Very High,16,Month-to-month,75.4,No,No,Electronic check,Priority outreach + long-term contract incentive
2397-BRLOM,0.6026885084034354,Very High,8,Month-to-month,80.45,No,No,Credit card (automatic),Priority outreach + long-term contract incentive
0023-XUOPT,0.6022227262866976,Very High,13,Month-to-month,94.1,No,No,Electronic check,Priority outreach + long-term contract incentive
4716-HHKQH,0.6020285331813143,Very High,20,Month-to-month,107.05,Yes,No,Electronic check,Priority outreach + long-term contract incentive
3411-WLRSQ,0.6018688280166608,Very High,3,Month-to-month,74.6,No,No,Bank transfer (automatic),Priority outreach + long-term contract incentive
0685-MLYYM,0.6018605812911492,Very High,2,Month-to-month,70.75,No,No,Electronic check,Priority outreach + long-term contract incentive
5119-NZPTV,0.6018605812911492,Very High,2,Month-to-month,70.1,No,No,Electronic check,Priority outreach + long-term contract incentive
4854-CIDCF,0.6018605812911492,Very High,3,Month-to-month,73.85,No,No,Electronic check,Priority outreach + long-term contract incentive
0196-JTUQI,0.6012849320632243,Very High,9,Month-to-month,75.2,No,No,Credit card (automatic),Priority outreach + long-term contract incentive
5405-ZMYXQ,0.6012849320632243,Very High,8,Month-to-month,74.6,No,No,Credit card (automatic),Priority outreach + long-term contract incentive
6347-DCUIK,0.6012849320632243,Very High,10,Month-to-month,74.15,No,No,Mailed check,Priority outreach + long-term contract incentive
8676-TRMJS,0.6011149549346403,Very High,3,Month-to-month,75.0,No,No,Mailed check,Priority outreach + long-term contract incentive
6680-WKXRZ,0.6011149549346403,Very High,3,Month-to-month,74.4,No,No,Bank transfer (automatic),Priority outreach + long-term contract incentive
7571-YXDAD,0.6011149549346403,Very High,2,Month-to-month,74.9,No,No,Credit card (automatic),Priority outreach + long-term contract incentive
1028-FFNJK,0.6010278761654358,Very High,30,Month-to-month,101.5,Yes,No,Electronic check,Priority outreach + long-term contract incentive
5288-AHOUP,0.600260229811909,Very High,11,Month-to-month,78.5,No,No,Electronic check,Priority outreach + long-term contract incentive
9054-FOWNV,0.5996999781781702,High,22,Month-to-month,88.75,No,No,Electronic check,Offer tech support / service assistance
1907-UBQFC,0.5994914107772883,High,10,Month-to-month,72.85,No,No,Electronic check,Offer tech support / service assistance
3488-PGMQJ,0.5994914107772883,High,8,Month-to-month,74.5,No,No,Electronic check,Offer tech support / service assistance
3751-KTZEL,0.5993779455727994,High,1,Month-to-month,35.05,No,No,Mailed check,Offer tech support / service assistance
7426-RHZGU,0.5992687005216943,High,9,Month-to-month,95.9,Yes,No,Bank transfer (automatic),Targeted retention offer
5183-SNMJQ,0.5992687005216943,High,10,Month-to-month,95.1,Yes,No,Credit card (automatic),Targeted retention offer
2959-FENLU,0.5989797901164318,High,9,Month-to-month,85.3,No,No,Credit card (automatic),Offer tech support / service assistance
0771-WLCLA,0.5985542978219925,High,16,Month-to-month,112.95,Yes,Yes,Electronic check,Targeted retention offer
0939-YAPAF,0.5985481781766033,High,35,Month-to-month,100.25,No,No,Electronic check,Offer tech support / service assistance
2809-ZMYOQ,0.5985481781766033,High,32,Month-to-month,101.35,No,No,Electronic check,Offer tech support / service assistance
2568-OIADY,0.5985481781766033,High,37,Month-to-month,99.5,No,No,Electronic check,Offer tech support / service assistance
6116-RFVHN,0.5985481781766033,High,34,Month-to-month,100.45,No,No,Electronic check,Offer tech support / service assistance
8397-MVTAZ,0.5985481781766033,High,34,Month-to-month,100.05,No,No,Electronic check,Offer tech support / service assistance
1666-JXLKU,0.5985481781766033,High,37,Month-to-month,100.05,No,No,Electronic check,Offer tech support / service assistance
9239-ZBZZV,0.5981900384557474,High,6,Month-to-month,47.95,No,No,Electronic check,Offer tech support / service assistance
6376-GAHQE,0.5981231766220123,High,4,Month-to-month,77.85,No,No,Electronic check,Offer tech support / service assistance
5940-NFXKV,0.597612986883853,High,19,Month-to-month,83.65,No,No,Electronic check,Offer tech support / service assistance
9102-IAYHT,0.597612986883853,High,17,Month-to-month,85.45,No,No,Electronic check,Offer tech support / service assistance
4195-NZGTA,0.5975165649747023,High,1,Month-to-month,25.25,No,No,Electronic check,Offer tech support / service assistance
9227-LUNBG,0.5975165649747023,High,1,Month-to-month,24.6,No,No,Electronic check,Offer tech support / service assistance
2386-LAHRK,0.5975083962212545,High,1,Month-to-month,53.5,No,No,Mailed check,Offer tech support / service assistance
4351-QLCSU,0.5975083962212545,High,1,Month-to-month,55.0,No,No,Credit card (automatic),Offer tech support / service assistance
4929-BSTRX,0.5975083962212545,High,1,Month-to-month,53.55,No,No,Mailed check,Offer tech support / service assistance
3518-PZXZQ,0.5975083962212545,High,1,Month-to-month,55.3,No,No,Mailed check,Offer tech support / service assistance
5339-PXDVH,0.5972980804823254,High,4,Month-to-month,90.65,No,Yes,Electronic check,Offer tech support / service assistance
4433-JCGCG,0.597092308478692,High,46,Month-to-month,101.0,No,No,Electronic check,Offer tech support / service assistance
8634-MPHTR,0.597092308478692,High,47,Month-to-month,100.05,No,No,Electronic check,Offer tech support / service assistance
9253-QXKBE,0.5964585856092385,High,29,Month-to-month,94.45,No,No,Electronic check,Offer tech support / service assistance
3329-WDIOK,0.596370583938491,High,3,Month-to-month,50.6,No,No,Electronic check,Offer tech support / service assistance
3223-DWFIO,0.596214581936379,High,4,Month-to-month,69.35,No,No,Electronic check,Offer tech support / service assistance
6705-LXORM,0.596214581936379,High,5,Month-to-month,70.05,No,No,Electronic check,Offer tech support / service assistance
4505-EXZHB,0.596214581936379,High,6,Month-to-month,74.4,No,No,Electronic check,Offer tech support / service assistance
8481-YYXWG,0.5958758282932102,High,5,Month-to-month,89.35,Yes,No,Electronic check,Targeted retention offer
3916-NRPAP,0.5955580763721967,High,3,Month-to-month,85.7,No,No,Credit card (automatic),Offer tech support / service assistance
0772-GYEQQ,0.5954184361992069,High,3,Month-to-month,88.35,Yes,No,Mailed check,Targeted retention offer
4817-VYYWS,0.5951093931641436,High,30,Month-to-month,100.2,No,No,Electronic check,Offer tech support / service assistance
4598-XLKNJ,0.5942834389890679,High,25,Month-to-month,98.5,No,No,Electronic check,Offer tech support / service assistance
1522-VVDMG,0.593980985971312,High,7,Month-to-month,89.75,Yes,No,Electronic check,Targeted retention offer
3957-LXOLK,0.5935745417074819,High,28,Month-to-month,106.15,No,No,Electronic check,Offer tech support / service assistance
2107-FBPTK,0.5935745417074819,High,30,Month-to-month,104.1,No,No,Electronic check,Offer tech support / service assistance
1406-PUQVY,0.5933529402314399,High,1,Month-to-month,49.9,No,No,Electronic check,Offer tech support / service assistance
4572-DVCGN,0.5932632363905024,High,10,Month-to-month,80.25,No,No,Bank transfer (automatic),Offer tech support / service assistance
6502-HCJTI,0.5928008136564042,High,7,Month-to-month,94.7,No,Yes,Credit card (automatic),Offer tech support / service assistance
7615-ESMYF,0.592270435857738,High,2,Month-to-month,44.6,No,No,Electronic check,Offer tech support / service assistance
2468-SJFLM,0.5920107835903793,High,1,Month-to-month,74.3,Yes,No,Mailed check,Targeted retention offer
8844-TONUD,0.5917502769755068,High,13,Month-to-month,96.65,No,No,Mailed check,Offer tech support / service assistance
6393-WRYZE,0.5914094929757688,High,34,Month-to-month,97.65,No,No,Electronic check,Offer tech support / service assistance
5934-RMPOV,0.5909985306631612,High,22,Month-to-month,84.75,No,No,Electronic check,Offer tech support / service assistance
1689-YQBYY,0.5907035591447006,High,12,Month-to-month,76.6,No,No,Electronic check,Offer tech support / service assistance
3070-DVEYC,0.5905676600975083,High,7,Month-to-month,73.75,No,No,Mailed check,Offer tech support / service assistance
2080-CAZNM,0.5899651341609367,High,41,Month-to-month,104.4,No,No,Electronic check,Offer tech support / service assistance
8111-SLLHI,0.5899651341609367,High,39,Month-to-month,105.65,No,No,Electronic check,Offer tech support / service assistance
1112-CUNAO,0.5899558203708092,High,15,Month-to-month,89.85,No,No,Electronic check,Offer tech support / service assistance
5449-FIBXJ,0.5899400694156098,High,19,Month-to-month,103.3,Yes,No,Electronic check,Targeted retention offer
9851-QXEEQ,0.5896588744164075,High,41,Month-to-month,104.7,No,No,Electronic check,Offer tech support / service assistance
0337-CNPZE,0.5896588744164075,High,41,Month-to-month,106.3,No,No,Electronic check,Offer tech support / service assistance
9367-WXLCH,0.5889935529310969,High,8,Month-to-month,84.5,No,No,Bank transfer (automatic),Offer tech support / service assistance
1751-NCDLI,0.5886865027905356,High,46,Month-to-month,98.85,No,No,Electronic check,Offer tech support / service assistance
0923-PNFUB,0.5884258137905711,High,3,Month-to-month,83.75,No,No,Electronic check,Offer tech support / service assistance
8280-MQRQN,0.5884083396791222,High,1,Month-to-month,50.45,No,No,Mailed check,Offer tech support / service assistance
6496-JDSSB,0.5882633473921676,High,8,Month-to-month,80.0,No,No,Bank transfer (automatic),Offer tech support / service assistance
4277-PVRAN,0.5882633473921676,High,8,Month-to-month,80.1,No,No,Bank transfer (automatic),Offer tech support / service assistance
4009-ALQFH,0.5875393202814577,High,25,Month-to-month,99.5,No,No,Electronic check,Offer tech support / service assistance
7142-HVGBG,0.5870911394334033,High,43,Month-to-month,103.0,No,No,Electronic check,Offer tech support / service assistance
5868-CZJDR,0.5870350747290172,High,1,Month-to-month,31.35,No,No,Mailed check,Offer tech support / service assistance
7786-WBJYI,0.5867426283500875,High,4,Month-to-month,77.95,No,No,Bank transfer (automatic),Offer tech support / service assistance
5091-HFAZW,0.586336104566231,High,2,Month-to-month,91.15,No,Yes,Electronic check,Offer tech support / service assistance
1565-RHDJD,0.5861589904411147,High,4,Month-to-month,84.05,No,No,Bank transfer (automatic),Offer tech support / service assistance
3427-GGZZI,0.5861468182437894,High,19,Month-to-month,89.1,No,No,Electronic check,Offer tech support / service assistance
0135-NMXAP,0.5860511935254696,High,12,Month-to-month,89.75,No,No,Bank transfer (automatic),Offer tech support / service assistance
0225-ZORZP,0.5855470246784131,High,3,Month-to-month,84.3,No,No,Electronic check,Offer tech support / service assistance
6692-UDPJC,0.584572395168078,High,14,Month-to-month,91.65,Yes,No,Electronic check,Targeted retention offer
3966-HRMZA,0.5844134205609124,High,3,Month-to-month,75.05,No,No,Mailed check,Offer tech support / service assistance
3961-SXAXY,0.584177170658631,High,1,Month-to-month,44.05,No,No,Bank transfer (automatic),Offer tech support / service assistance
2275-RBYQS,0.584177170658631,High,1,Month-to-month,45.4,No,No,Mailed check,Offer tech support / service assistance
4237-RLAQD,0.584177170658631,High,1,Month-to-month,45.85,No,No,Mailed check,Offer tech support / service assistance
5696-QURRL,0.584177170658631,High,1,Month-to-month,45.05,No,No,Mailed check,Offer tech support / service assistance
9117-SHLZX,0.584177170658631,High,1,Month-to-month,45.7,No,No,Mailed check,Offer tech support / service assistance
0082-LDZUE,0.584177170658631,High,1,Month-to-month,44.3,No,No,Mailed check,Offer tech support / service assistance
8950-MTZNV,0.584177170658631,High,1,Month-to-month,44.95,No,No,Mailed check,Offer tech support / service assistance
3566-HJGPK,0.584177170658631,High,1,Month-to-month,45.55,No,No,Mailed check,Offer tech support / service assistance
0887-HJGAR,0.584177170658631,High,1,Month-to-month,45.7,No,No,Mailed check,Offer tech support / service assistance
9214-EKVXR,0.584177170658631,High,1,Month-to-month,44.0,No,No,Mailed check,Offer tech support / service assistance
8710-YGLWG,0.584177170658631,High,1,Month-to-month,44.9,No,No,Mailed check,Offer tech support / service assistance
3926-CUQZX,0.584177170658631,High,1,Month-to-month,45.1,No,No,Bank transfer (automatic),Offer tech support / service assistance
8180-AKMJV,0.584177170658631,High,1,Month-to-month,44.55,No,No,Credit card (automatic),Offer tech support / service assistance
6650-VJONK,0.584177170658631,High,1,Month-to-month,43.85,No,No,Bank transfer (automatic),Offer tech support / service assistance
7663-RGWBC,0.584177170658631,High,1,Month-to-month,44.15,No,No,Mailed check,Offer tech support / service assistance
4847-QNOKA,0.584177170658631,High,1,Month-to-month,44.9,No,No,Bank transfer (automatic),Offer tech support / service assistance
5133-POWUA,0.584177170658631,High,1,Month-to-month,45.8,No,No,Mailed check,Offer tech support / service assistance
1660-HSOOQ,0.584177170658631,High,1,Month-to-month,49.65,No,No,Mailed check,Offer tech support / service assistance
6595-COKXZ,0.584177170658631,High,1,Month-to-month,44.45,No,No,Mailed check,Offer tech support / service assistance
5692-FPTAH,0.584177170658631,High,1,Month-to-month,45.4,No,No,Mailed check,Offer tech support / service assistance
7065-YUNRY,0.584177170658631,High,1,Month-to-month,45.3,No,No,Mailed check,Offer tech support / service assistance
3001-CBHLQ,0.5840185442241366,High,32,Month-to-month,104.9,Yes,No,Electronic check,Targeted retention offer
6518-LGAOV,0.5837109769520219,High,38,Month-to-month,105.0,Yes,No,Electronic check,Targeted retention offer
1254-IZEYF,0.5834277449468412,High,31,Month-to-month,99.95,No,No,Electronic check,Offer tech support / service assistance
3165-HDOEW,0.5833208617544032,High,1,Month-to-month,45.85,No,No,Mailed check,Offer tech support / service assistance
6142-VSJQO,0.5833208617544032,High,1,Month-to-month,44.35,No,No,Bank transfer (automatic),Offer tech support / service assistance
1891-UAWWU,0.5833071869150833,High,20,Month-to-month,90.8,No,No,Electronic check,Offer tech support / service assistance
9279-CJEOJ,0.5823754678275915,High,21,Month-to-month,95.4,No,No,Bank transfer (automatic),Offer tech support / service assistance
5931-FLJJF,0.582289558379175,High,7,Month-to-month,70.1,No,No,Mailed check,Offer tech support / service assistance
0434-CSFON,0.5819147998594909,High,47,Month-to-month,100.5,No,No,Electronic check,Offer tech support / service assistance
8290-YWKHZ,0.5812018114085414,High,32,Month-to-month,93.2,No,No,Electronic check,Offer tech support / service assistance
7861-UVUFT,0.5812013323336305,High,15,Month-to-month,84.3,No,No,Electronic check,Offer tech support / service assistance
6907-FLBER,0.5810254960490726,High,1,Month-to-month,54.3,No,No,Electronic check,Offer tech support / service assistance
2636-OHFMN,0.5805059537460787,High,4,Month-to-month,48.55,No,No,Electronic check,Offer tech support / service assistance
7802-EFKNY,0.5801678385810082,High,5,Month-to-month,24.95,No,No,Electronic check,Offer tech support / service assistance
4815-GBTCD,0.5801678385810082,High,4,Month-to-month,25.15,No,No,Electronic check,Offer tech support / service assistance
5261-QSHQM,0.5801678385810082,High,4,Month-to-month,24.45,No,No,Electronic check,Offer tech support / service assistance
8374-XGEJJ,0.5797920181178328,High,43,Month-to-month,101.0,No,No,Electronic check,Offer tech support / service assistance
2983-ZANRP,0.5788299072948919,High,2,Month-to-month,73.55,No,No,Bank transfer (automatic),Offer tech support / service assistance
7748-UMTRK,0.5779500222358654,High,30,Month-to-month,101.3,Yes,No,Electronic check,Targeted retention offer
4686-UXDML,0.5764611550013249,High,21,Month-to-month,99.85,No,No,Credit card (automatic),Offer tech support / service assistance
3538-WZPHD,0.5764312310121346,High,3,Month-to-month,29.6,No,No,Electronic check,Offer tech support / service assistance
3317-VLGQT,0.5762289924434713,High,14,Month-to-month,78.1,No,No,Electronic check,Offer tech support / service assistance
5219-YIPTK,0.5761960610484281,High,33,Month-to-month,104.4,No,No,Electronic check,Offer tech support / service assistance
5380-WJKOV,0.5761960610484281,High,34,Month-to-month,106.35,No,No,Electronic check,Offer tech support / service assistance
9801-GDWGV,0.5761960610484281,High,39,Month-to-month,103.45,No,No,Electronic check,Offer tech support / service assistance
1226-IENZN,0.5757926296151974,High,16,Month-to-month,78.75,No,No,Electronic check,Offer tech support / service assistance
4729-XKASR,0.5754083602921247,High,1,Month-to-month,24.75,No,No,Electronic check,Offer tech support / service assistance
6175-IRFIT,0.5747898601463065,High,5,Month-to-month,78.75,No,No,Mailed check,Offer tech support / service assistance
7321-PKUYW,0.5744534039448703,High,11,Month-to-month,90.15,Yes,No,Electronic check,Targeted retention offer
5652-MSDEY,0.5739682855353376,High,10,Month-to-month,75.75,No,No,Mailed check,Offer tech support / service assistance
9174-FKWZE,0.5738099525107355,High,1,Month-to-month,19.45,No internet service,No internet service,Electronic check,Targeted retention offer
2439-LYPMQ,0.5736050006042561,High,38,Month-to-month,102.6,No,No,Electronic check,Offer tech support / service assistance
5129-JLPIS,0.5733303982845923,High,25,Month-to-month,105.5,Yes,Yes,Electronic check,Targeted retention offer
3797-FKOGQ,0.5728531745972637,High,11,Month-to-month,86.2,No,No,Electronic check,Offer tech support / service assistance
8276-MQBYC,0.5728333512644779,High,51,Month-to-month,97.8,No,No,Electronic check,Offer tech support / service assistance
8854-CCVSQ,0.5727463206177594,High,18,Month-to-month,80.65,No,No,Electronic check,Offer tech support / service assistance
2371-JQHZZ,0.5724722751665188,High,24,Month-to-month,93.0,No,No,Electronic check,Offer tech support / service assistance
7517-LDMPS,0.5723864362414116,High,12,Month-to-month,84.6,No,No,Electronic check,Offer tech support / service assistance
2774-LVQUS,0.5722437205311215,High,15,Month-to-month,83.05,Yes,No,Electronic check,Targeted retention offer
2034-CGRHZ,0.5720693958826245,High,24,Month-to-month,102.95,No,No,Credit card (automatic),Offer tech support / service assistance
9601-BRXPO,0.5719817021121409,High,25,Month-to-month,104.95,Yes,No,Bank transfer (automatic),Targeted retention offer
4391-RESHN,0.5719817021121409,High,23,Month-to-month,104.05,Yes,No,Mailed check,Targeted retention offer
1723-HKXJQ,0.5718070614804245,High,42,Month-to-month,101.75,No,No,Electronic check,Offer tech support / service assistance
6319-IEJWJ,0.5712896475741669,High,20,Month-to-month,90.2,No,No,Electronic check,Offer tech support / service assistance
3050-GBUSH,0.5707985959096991,High,3,Month-to-month,34.8,No,No,Credit card (automatic),Offer tech support / service assistance
6338-AVWCY,0.5707985959096991,High,3,Month-to-month,40.15,No,No,Mailed check,Offer tech support / service assistance
6821-BUXUX,0.5700307343019237,High,13,Month-to-month,96.65,No,Yes,Electronic check,Offer tech support / service assistance
9560-ARGQJ,0.5699097664185254,High,16,Month-to-month,81.0,No,No,Electronic check,Offer tech support / service assistance
8212-DJRCH,0.569720769250683,High,5,Month-to-month,90.35,No,Yes,Mailed check,Offer tech support / service assistance
2079-FBMZK,0.5696779179837445,High,6,Month-to-month,69.25,No,No,Mailed check,Offer tech support / service assistance
5244-IRFIH,0.5694818973718698,High,33,Month-to-month,94.5,No,No,Electronic check,Offer tech support / service assistance
4124-MMETB,0.5694120300560187,High,22,Month-to-month,94.65,No,No,Credit card (automatic),Offer tech support / service assistance
3932-CMDTD,0.5692605221994804,High,4,One year,105.65,Yes,No,Electronic check,Targeted retention offer
0224-RLWWD,0.5692410304646983,High,2,Month-to-month,44.3,No,No,Electronic check,Offer tech support / service assistance
3754-DXMRT,0.5692410304646983,High,2,Month-to-month,44.15,No,No,Electronic check,Offer tech support / service assistance
4816-JBHOV,0.5692410304646983,High,2,Month-to-month,44.7,No,No,Electronic check,Offer tech support / service assistance
1104-TNLZA,0.5681857851562979,High,28,Month-to-month,105.8,Yes,No,Electronic check,Targeted retention offer
8903-XEBGX,0.568164221111366,High,2,Month-to-month,55.3,No,No,Electronic check,Offer tech support / service assistance
3565-UNOCC,0.567983694452694,High,29,Month-to-month,99.05,No,No,Bank transfer (automatic),Offer tech support / service assistance
8784-CGILN,0.5678427337883379,High,18,Month-to-month,99.85,Yes,No,Bank transfer (automatic),Targeted retention offer
2919-HBCJO,0.567824092832599,High,4,Month-to-month,76.65,No,No,Bank transfer (automatic),Offer tech support / service assistance
9638-JIQYA,0.5676664643825328,High,2,Month-to-month,24.9,No,No,Credit card (automatic),Offer tech support / service assistance
2786-GCDPI,0.5672184413112544,High,50,Month-to-month,104.95,Yes,No,Electronic check,Targeted retention offer
3891-PUQOD,0.566879401679485,High,1,Month-to-month,59.2,No,No,Electronic check,Offer tech support / service assistance
2832-KJCRD,0.5668653285005143,High,38,Month-to-month,103.65,Yes,No,Electronic check,Targeted retention offer
2754-XBHTB,0.5666799013087667,High,9,Month-to-month,77.65,No,No,Bank transfer (automatic),Offer tech support / service assistance
5701-YVSVF,0.5665360693641895,High,11,Month-to-month,82.9,Yes,No,Electronic check,Targeted retention offer
1513-XNPPH,0.566430933167677,High,12,Month-to-month,89.4,Yes,No,Electronic check,Targeted retention offer
6923-JHPMP,0.5663402395990759,High,2,Month-to-month,80.45,No,Yes,Electronic check,Offer tech support / service assistance
7801-KICAO,0.5660852062026944,High,18,Month-to-month,74.15,No,No,Electronic check,Offer tech support / service assistance
9903-LYSAB,0.5660852062026944,High,18,Month-to-month,73.15,No,No,Electronic check,Offer tech support / service assistance
6298-QDFNH,0.5660199416315221,High,22,Month-to-month,79.35,No,No,Electronic check,Offer tech support / service assistance
3744-ZRRDZ,0.5660199416315221,High,21,Month-to-month,82.35,No,No,Electronic check,Offer tech support / service assistance
3671-SHRSP,0.5659782465185477,High,4,Month-to-month,80.6,Yes,No,Mailed check,Targeted retention offer
2398-YPMUR,0.5655892789261852,High,13,Month-to-month,70.15,No,No,Electronic check,Offer tech support / service assistance
7206-PQBBZ,0.5655892789261852,High,11,Month-to-month,70.2,No,No,Electronic check,Offer tech support / service assistance
4441-NIHPT,0.5655892789261852,High,13,Month-to-month,74.3,No,No,Electronic check,Offer tech support / service assistance
4289-DTDKW,0.5644382058008726,High,40,Month-to-month,101.3,No,No,Electronic check,Offer tech support / service assistance
9600-NAXZN,0.5644382058008726,High,43,Month-to-month,101.4,No,No,Electronic check,Offer tech support / service assistance
6595-YGXIT,0.5635713106398048,High,25,Month-to-month,88.95,No,No,Electronic check,Offer tech support / service assistance
6899-PPEEA,0.563528261359339,High,37,Month-to-month,96.55,No,No,Electronic check,Offer tech support / service assistance
8687-BAFGU,0.5635172769603916,High,1,Month-to-month,74.0,Yes,No,Electronic check,Targeted retention offer
5947-SGKCL,0.5628885873827799,High,15,Month-to-month,105.35,No,No,Bank transfer (automatic),Offer tech support / service assistance
9643-AVVWI,0.562482683562901,High,3,Month-to-month,80.0,Yes,No,Electronic check,Targeted retention offer
2038-LLMLM,0.5623833031964385,High,48,Month-to-month,103.85,Yes,No,Electronic check,Targeted retention offer
6645-MXQJT,0.5612295296291042,High,2,Month-to-month,97.1,No,Yes,Electronic check,Offer tech support / service assistance
4658-HCOHW,0.5609067246377522,High,21,Month-to-month,102.8,Yes,No,Electronic check,Targeted retention offer
4137-BTIKL,0.5604911572027137,High,2,Month-to-month,90.75,No,Yes,Mailed check,Offer tech support / service assistance
7928-VJYAB,0.5601960505741816,High,11,Month-to-month,90.6,No,No,Electronic check,Offer tech support / service assistance
4423-YLHDV,0.5599635859495478,High,21,Month-to-month,104.4,No,Yes,Bank transfer (automatic),Offer tech support / service assistance
8337-MSSXB,0.5598307572558361,High,14,Month-to-month,86.3,No,No,Electronic check,Offer tech support / service assistance
6646-VRFOL,0.5596304131241837,High,53,Month-to-month,103.85,No,No,Electronic check,Offer tech support / service assistance
8818-DOPVL,0.5596304131241837,High,46,Month-to-month,104.45,No,No,Electronic check,Offer tech support / service assistance
7714-YXSMB,0.5594030082410951,High,26,Month-to-month,100.5,No,No,Bank transfer (automatic),Offer tech support / service assistance
0491-KAPQG,0.5593346436505786,High,21,Month-to-month,73.7,No,No,Electronic check,Offer tech support / service assistance
0895-DQHEW,0.5593184202105099,High,54,Month-to-month,104.3,No,No,Electronic check,Offer tech support / service assistance
8938-UMKPI,0.5593184202105099,High,47,Month-to-month,106.4,No,No,Electronic check,Offer tech support / service assistance
4484-GLZOU,0.5593184202105099,High,52,Month-to-month,105.05,No,No,Electronic check,Offer tech support / service assistance
3384-CTMSF,0.5593184202105099,High,47,Month-to-month,104.1,No,No,Electronic check,Offer tech support / service assistance
5630-IXDXV,0.5593184202105099,High,47,Month-to-month,106.35,No,No,Electronic check,Offer tech support / service assistance
0581-BXBUB,0.5590507889593276,High,4,Month-to-month,72.75,No,No,Electronic check,Offer tech support / service assistance
8637-XJIVR,0.5589051023219146,High,12,Month-to-month,78.95,No,Yes,Electronic check,Offer tech support / service assistance
8104-OSKWT,0.5589051023219146,High,12,Month-to-month,79.8,No,Yes,Electronic check,Offer tech support / service assistance
0529-ONKER,0.55883319845235,High,15,Month-to-month,75.65,No,No,Electronic check,Offer tech support / service assistance
6651-AZVTJ,0.5585434219254193,High,49,Month-to-month,99.8,No,No,Electronic check,Offer tech support / service assistance
2103-ZRXFN,0.5583393031306819,High,1,Month-to-month,50.75,No,No,Mailed check,Offer tech support / service assistance
7270-BDIOA,0.55792965215189,High,22,Month-to-month,90.0,Yes,No,Electronic check,Targeted retention offer
7379-FNIUJ,0.5577559149495319,High,2,Month-to-month,100.2,No,Yes,Electronic check,Offer tech support / service assistance
0654-HMSHN,0.5576459485783378,High,21,Month-to-month,104.4,No,No,Electronic check,Offer tech support / service assistance
3211-AAPKX,0.5575589849161082,High,20,Month-to-month,98.55,Yes,No,Mailed check,Targeted retention offer
7240-ETPTR,0.557534907545111,High,9,Month-to-month,48.75,No,No,Electronic check,Offer tech support / service assistance
7511-YMXVQ,0.557534907545111,High,9,Month-to-month,45.4,No,No,Electronic check,Offer tech support / service assistance
7538-GWHML,0.5572413977167815,High,2,Month-to-month,69.65,No,No,Electronic check,Offer tech support / service assistance
6993-OHLXR,0.5572413977167815,High,2,Month-to-month,68.95,No,No,Electronic check,Offer tech support / service assistance
5442-BHQNG,0.5572413977167815,High,2,Month-to-month,70.35,No,No,Electronic check,Offer tech support / service assistance
4077-CROMM,0.5570104455994288,High,31,Month-to-month,104.2,Yes,No,Electronic check,Targeted retention offer
0147-ESWWR,0.5568622822241126,High,39,Month-to-month,101.25,Yes,No,Electronic check,Targeted retention offer
4803-AXVYP,0.5568622822241126,High,38,Month-to-month,99.55,Yes,No,Electronic check,Targeted retention offer
1845-ZLLIG,0.556755606163152,High,1,Month-to-month,50.15,No,No,Mailed check,Offer tech support / service assistance
7056-IMHCC,0.5567035597227301,High,53,Month-to-month,101.9,No,No,Electronic check,Offer tech support / service assistance
9208-OLGAQ,0.5566918095286792,High,18,Month-to-month,84.95,No,No,Electronic check,Offer tech support / service assistance
9661-ACXBS,0.5564819546921294,High,42,Month-to-month,105.2,No,Yes,Electronic check,Offer tech support / service assistance
4629-NRXKX,0.5563717433237104,High,2,Month-to-month,70.4,No,No,Electronic check,Offer tech support / service assistance
4919-MOAVT,0.5563717433237104,High,3,Month-to-month,69.65,No,No,Electronic check,Offer tech support / service assistance
0928-JMXNP,0.5561219632265655,High,4,Month-to-month,29.9,No,No,Electronic check,Offer tech support / service assistance
4128-ETESU,0.5553512219592666,High,47,Month-to-month,99.7,No,No,Electronic check,Offer tech support / service assistance
2800-QQUSO,0.555048508847962,High,42,Month-to-month,100.3,Yes,No,Electronic check,Targeted retention offer
6198-RTPMF,0.5548365910273656,High,17,Month-to-month,92.6,No,No,Electronic check,Offer tech support / service assistance
4325-NFSKC,0.5537950553774927,High,19,Month-to-month,90.6,No,Yes,Electronic check,Offer tech support / service assistance
8063-RJYNF,0.5525649561390872,High,16,Month-to-month,94.25,No,Yes,Electronic check,Offer tech support / service assistance
3318-OSATS,0.5521640683092154,High,35,Month-to-month,95.45,No,No,Electronic check,Offer tech support / service assistance
3951-NJCVI,0.5521640683092154,High,42,Month-to-month,95.05,No,No,Electronic check,Offer tech support / service assistance
2665-NPTGL,0.5520915043153541,High,26,Month-to-month,98.1,No,No,Bank transfer (automatic),Offer tech support / service assistance
5605-IYGFG,0.5515107876678437,High,7,Month-to-month,69.85,No,No,Bank transfer (automatic),Offer tech support / service assistance
5044-LRQAQ,0.5515107876678437,High,7,Month-to-month,69.2,No,No,Bank transfer (automatic),Offer tech support / service assistance
9191-MYQKX,0.5515107876678437,High,7,Month-to-month,75.15,No,No,Bank transfer (automatic),Offer tech support / service assistance
0958-YHXGP,0.5515107876678437,High,7,Month-to-month,69.9,No,No,Mailed check,Offer tech support / service assistance
0330-IVZHA,0.5514342377742848,High,5,Month-to-month,69.95,No,No,Electronic check,Offer tech support / service assistance
3496-LFSZU,0.5514342377742848,High,4,Month-to-month,70.5,No,No,Electronic check,Offer tech support / service assistance
4763-PGDPO,0.5514342377742848,High,4,Month-to-month,70.4,No,No,Electronic check,Offer tech support / service assistance
8739-WWKDU,0.5512011863915911,High,25,Month-to-month,89.5,No,No,Electronic check,Offer tech support / service assistance
6907-NZZIJ,0.5507783187297025,High,36,Month-to-month,99.15,No,No,Electronic check,Offer tech support / service assistance
8709-KRDVL,0.5507783187297025,High,33,Month-to-month,100.0,No,No,Electronic check,Offer tech support / service assistance
0447-RXSGD,0.5507064835371602,High,24,Month-to-month,99.65,No,No,Bank transfer (automatic),Offer tech support / service assistance
5599-HVLTW,0.5504126531072558,High,14,Month-to-month,80.35,No,No,Bank transfer (automatic),Offer tech support / service assistance
2114-MGINA,0.5496762784008853,High,14,Month-to-month,89.8,No,No,Mailed check,Offer tech support / service assistance
9415-DPEWS,0.5486956408140286,High,18,Month-to-month,88.35,Yes,No,Electronic check,Targeted retention offer
4521-YEEHE,0.5486956408140286,High,18,Month-to-month,88.85,Yes,No,Electronic check,Targeted retention offer
9524-EGPJC,0.5486531824245707,High,18,Month-to-month,90.1,Yes,No,Electronic check,Targeted retention offer
3317-HRTNN,0.5485900140193986,High,5,Month-to-month,45.7,No,No,Electronic check,Offer tech support / service assistance
9912-GVSEQ,0.5482764156100283,High,26,Month-to-month,93.85,No,No,Electronic check,Offer tech support / service assistance
6005-OBZPH,0.548213449452466,High,26,Month-to-month,89.15,No,No,Electronic check,Offer tech support / service assistance
2962-XPMCQ,0.5479912522808721,High,2,Month-to-month,45.15,No,No,Electronic check,Offer tech support / service assistance
9588-OZDMQ,0.5479912522808721,High,2,Month-to-month,45.0,No,No,Electronic check,Offer tech support / service assistance
6519-CFDBX,0.5479912522808721,High,2,Month-to-month,45.4,No,No,Electronic check,Offer tech support / service assistance
1268-ASBGA,0.5479266477670758,High,16,Month-to-month,85.35,No,No,Credit card (automatic),Offer tech support / service assistance
1641-RQDAY,0.5474470398748277,High,32,Month-to-month,100.4,No,No,Electronic check,Offer tech support / service assistance
5842-POCOP,0.5473157219866535,High,5,Month-to-month,88.9,No,Yes,Mailed check,Offer tech support / service assistance
1212-GLHMD,0.5473157219866535,High,3,Month-to-month,86.05,No,Yes,Mailed check,Offer tech support / service assistance
9506-UXUSK,0.5471376387903347,High,13,Month-to-month,70.15,No,No,Electronic check,Offer tech support / service assistance
5989-PGKJB,0.5471309704141696,High,16,Month-to-month,86.25,No,No,Electronic check,Offer tech support / service assistance
7729-JTEEC,0.547118195238016,High,2,Month-to-month,44.5,No,No,Electronic check,Offer tech support / service assistance
5480-HPRRX,0.5470992684148879,High,3,Month-to-month,25.3,No,No,Electronic check,Offer tech support / service assistance
1792-UXAFY,0.546865237333025,High,17,Month-to-month,89.15,No,No,Electronic check,Offer tech support / service assistance
5655-JSMZM,0.5465431570151522,High,49,Month-to-month,96.2,No,No,Electronic check,Offer tech support / service assistance
3799-ISUZQ,0.5459442524317418,High,7,Month-to-month,69.95,No,No,Bank transfer (automatic),Offer tech support / service assistance
7825-GKXMW,0.5458415348515042,High,1,Month-to-month,45.8,No,No,Electronic check,Offer tech support / service assistance
1478-VPOAD,0.5458415348515042,High,1,Month-to-month,43.8,No,No,Electronic check,Offer tech support / service assistance
1942-OQFRW,0.5458415348515042,High,1,Month-to-month,44.0,No,No,Electronic check,Offer tech support / service assistance
7359-PTSXY,0.5458415348515042,High,1,Month-to-month,45.75,No,No,Electronic check,Offer tech support / service assistance
1612-EOHDH,0.5458415348515042,High,1,Month-to-month,45.15,No,No,Electronic check,Offer tech support / service assistance
5552-ZNFSJ,0.5458415348515042,High,1,Month-to-month,45.3,No,No,Electronic check,Offer tech support / service assistance
1963-SVUCV,0.5458415348515042,High,1,Month-to-month,45.3,No,No,Electronic check,Offer tech support / service assistance
6833-JMZYP,0.5456740610719786,High,15,Month-to-month,94.0,No,No,Credit card (automatic),Offer tech support / service assistance
5364-EVNIB,0.545503493061453,High,13,Month-to-month,79.8,No,No,Electronic check,Offer tech support / service assistance
1918-ZBFQJ,0.545503493061453,High,13,Month-to-month,79.25,No,No,Electronic check,Offer tech support / service assistance
9625-QSTYE,0.545503493061453,High,13,Month-to-month,81.15,No,No,Electronic check,Offer tech support / service assistance
2933-FILNV,0.545166721248905,High,2,Month-to-month,24.4,No,No,Mailed check,Offer tech support / service assistance
6876-ADESB,0.544967773447982,High,1,Month-to-month,48.95,No,No,Electronic check,Offer tech support / service assistance
5522-JBWMO,0.544967773447982,High,1,Month-to-month,44.0,No,No,Electronic check,Offer tech support / service assistance
2903-YYTBW,0.544967773447982,High,1,Month-to-month,44.55,No,No,Electronic check,Offer tech support / service assistance
9093-FPDLG,0.5443628902990123,High,11,Month-to-month,94.2,Yes,No,Electronic check,Targeted retention offer
4612-SSVHJ,0.5440277480773538,High,20,Month-to-month,81.45,No,No,Electronic check,Offer tech support / service assistance
8650-RHRKE,0.5434345537939042,High,4,Month-to-month,29.65,No,No,Electronic check,Offer tech support / service assistance
5167-GBFRE,0.5430786241767476,High,4,Month-to-month,25.2,No,No,Bank transfer (automatic),Offer tech support / service assistance
7901-TBKJX,0.5430558016204469,High,56,Month-to-month,101.05,No,No,Electronic check,Offer tech support / service assistance
4480-QQRHC,0.5428681752155389,High,8,Month-to-month,74.05,No,No,Bank transfer (automatic),Offer tech support / service assistance
9796-BPKIW,0.5428681752155389,High,8,Month-to-month,69.95,No,No,Credit card (automatic),Offer tech support / service assistance
9121-PHQSR,0.5427989426111688,High,16,Month-to-month,85.05,No,No,Credit card (automatic),Offer tech support / service assistance
1636-NTNCO,0.542648221926308,High,4,Month-to-month,50.95,No,No,Credit card (automatic),Offer tech support / service assistance
6559-PDZLR,0.5425688693906185,High,26,Month-to-month,98.65,Yes,No,Electronic check,Targeted retention offer
2840-XANRC,0.5424975977649695,High,24,Month-to-month,93.15,No,No,Electronic check,Offer tech support / service assistance
9129-UXERG,0.542427290616465,High,18,Month-to-month,103.6,Yes,No,Credit card (automatic),Targeted retention offer
8949-JTMAY,0.5420192421909183,High,29,Month-to-month,98.6,No,No,Credit card (automatic),Offer tech support / service assistance
2969-QWUBZ,0.5419850466127654,High,2,Month-to-month,51.4,No,No,Electronic check,Offer tech support / service assistance
6366-ZGQGL,0.5419736019270355,High,1,Month-to-month,24.8,No,No,Bank transfer (automatic),Offer tech support / service assistance
6158-HDPXZ,0.5419736019270355,High,1,Month-to-month,25.35,No,No,Mailed check,Offer tech support / service assistance
8260-NGFNY,0.5419736019270355,High,1,Month-to-month,25.2,No,No,Mailed check,Offer tech support / service assistance
9895-VFOXH,0.5419736019270355,High,1,Month-to-month,24.4,No,No,Mailed check,Offer tech support / service assistance
2209-XADXF,0.5419736019270355,High,1,Month-to-month,25.25,No,No,Bank transfer (automatic),Offer tech support / service assistance
3439-GVUSX,0.5419736019270355,High,1,Month-to-month,24.4,No,No,Mailed check,Offer tech support / service assistance
5351-QESIO,0.5418807138670766,High,1,Month-to-month,24.2,No,No,Mailed check,Offer tech support / service assistance
7480-QNVZJ,0.5415274243345729,High,50,Month-to-month,95.7,No,No,Electronic check,Offer tech support / service assistance
8519-IMDHU,0.5413180132008897,High,15,Month-to-month,85.6,No,No,Bank transfer (automatic),Offer tech support / service assistance
4062-HBMOS,0.5411737375136881,High,52,Month-to-month,103.05,No,No,Electronic check,Offer tech support / service assistance
6030-REHUX,0.5407742393254561,High,28,Month-to-month,110.85,Yes,No,Electronic check,Targeted retention offer
3703-VAVCL,0.5407594935788532,High,2,Month-to-month,90.0,Yes,No,Credit card (automatic),Targeted retention offer
8429-XIBUM,0.5396962315862813,High,22,Month-to-month,101.35,No,Yes,Bank transfer (automatic),Offer tech support / service assistance
3223-WZWJM,0.5395231365138249,High,26,Month-to-month,83.95,No,No,Electronic check,Offer tech support / service assistance
8224-DWCKX,0.5388545596120524,High,12,Month-to-month,73.3,No,No,Credit card (automatic),Offer tech support / service assistance
0637-YLETY,0.5387676653561942,High,16,Month-to-month,95.6,No,No,Credit card (automatic),Offer tech support / service assistance
9658-WYUFB,0.5385816351039847,High,17,Month-to-month,94.4,No,Yes,Electronic check,Offer tech support / service assistance
4727-MCYZG,0.5385015922213586,High,1,Month-to-month,55.55,No,No,Mailed check,Offer tech support / service assistance
7598-UAASY,0.5383867372117337,High,2,Month-to-month,76.4,No,No,Electronic check,Offer tech support / service assistance
2408-WITXK,0.5377866815967883,High,10,Month-to-month,34.7,No,No,Electronic check,Offer tech support / service assistance
4902-OHLSK,0.5370909559456064,High,29,Month-to-month,98.65,Yes,No,Electronic check,Targeted retention offer
5879-SESNB,0.5368643904426151,High,11,Month-to-month,75.25,No,No,Electronic check,Offer tech support / service assistance
8999-BOHSE,0.5361696194484743,High,11,Month-to-month,89.7,No,No,Bank transfer (automatic),Offer tech support / service assistance
8922-LIEGH,0.5356289110108589,High,25,Month-to-month,89.7,No,No,Electronic check,Offer tech support / service assistance
2656-FMOKZ,0.5355013219661634,High,15,Month-to-month,74.45,No,No,Mailed check,Offer tech support / service assistance
8642-GVWRF,0.5352412013390181,High,2,Month-to-month,79.7,No,No,Bank transfer (automatic),Offer tech support / service assistance
2626-URJFX,0.5350434388923893,High,4,Month-to-month,50.9,No,No,Electronic check,Offer tech support / service assistance
4583-PARNH,0.534666888404168,High,16,Month-to-month,91.55,Yes,No,Electronic check,Targeted retention offer
3644-QXEHN,0.5346471423894801,High,13,Month-to-month,97.0,No,No,Electronic check,Offer tech support / service assistance
9168-INPSZ,0.5346172211960907,High,44,Month-to-month,104.15,Yes,No,Electronic check,Targeted retention offer
0946-CLJTI,0.5344017251424533,High,58,Month-to-month,98.7,No,No,Electronic check,Offer tech support / service assistance
0396-YCHWO,0.5336124112590258,High,36,Month-to-month,95.4,No,No,Electronic check,Offer tech support / service assistance
3934-HXCFZ,0.5330406037043007,High,23,Month-to-month,99.25,No,Yes,Electronic check,Offer tech support / service assistance
7072-MBHEV,0.5326054262485681,High,11,Month-to-month,78.1,No,No,Credit card (automatic),Offer tech support / service assistance
9692-TUSXH,0.5320532329833787,High,18,Month-to-month,96.05,No,Yes,Electronic check,Offer tech support / service assistance
8665-UTDHZ,0.530612796809426,High,1,Month-to-month,30.2,No,No,Electronic check,Offer tech support / service assistance
5271-DBYSJ,0.5305574574280483,High,11,Month-to-month,79.15,No,No,Credit card (automatic),Offer tech support / service assistance
0207-MDKNV,0.5303806450202287,High,15,Month-to-month,105.1,Yes,Yes,Electronic check,Targeted retention offer
2951-QOQTK,0.530149757495844,High,4,Month-to-month,80.8,Yes,No,Credit card (automatic),Targeted retention offer
4822-YCXMX,0.5301309261997457,High,25,Month-to-month,84.8,No,No,Electronic check,Offer tech support / service assistance
2249-YPRNG,0.5299174493206879,High,20,Month-to-month,105.85,No,No,Bank transfer (automatic),Offer tech support / service assistance
9133-AYJZG,0.5296042633224213,High,23,Month-to-month,98.7,No,No,Credit card (automatic),Offer tech support / service assistance
1658-TJVOA,0.5293484775938182,High,6,Month-to-month,74.1,No,Yes,Electronic check,Offer tech support / service assistance
6048-QBXKL,0.5290971988856811,High,2,Month-to-month,56.55,No,No,Credit card (automatic),Offer tech support / service assistance
0378-TOVMS,0.5285719960251788,High,3,Month-to-month,85.8,Yes,No,Electronic check,Targeted retention offer
2041-JIJCI,0.5283027609772621,High,5,Month-to-month,64.0,No,No,Electronic check,Offer tech support / service assistance
3365-SAIGS,0.5282816002900382,High,17,Month-to-month,83.55,No,No,Electronic check,Offer tech support / service assistance
5980-NOPLP,0.5279577127063675,High,44,Month-to-month,96.1,No,No,Electronic check,Offer tech support / service assistance
2685-SREOM,0.5278522250221697,High,25,Month-to-month,89.1,No,No,Electronic check,Offer tech support / service assistance
9947-OTFQU,0.5278390014804866,High,15,Month-to-month,74.4,No,No,Electronic check,Offer tech support / service assistance
5747-PMBSQ,0.5277920444097803,High,10,Month-to-month,92.5,Yes,No,Mailed check,Targeted retention offer
8017-LXHFA,0.5270195037716545,High,23,Month-to-month,94.75,No,No,Electronic check,Offer tech support / service assistance
8708-XPXHZ,0.5268654794257731,High,42,Month-to-month,94.2,No,No,Electronic check,Offer tech support / service assistance
5216-WASFJ,0.5266565889466492,High,31,Month-to-month,84.85,No,No,Electronic check,Offer tech support / service assistance
8063-GBATB,0.5266565889466492,High,27,Month-to-month,85.25,No,No,Electronic check,Offer tech support / service assistance
5117-IFGPS,0.5266565889466492,High,29,Month-to-month,84.3,No,No,Electronic check,Offer tech support / service assistance
3672-YITQD,0.5266565889466492,High,36,Month-to-month,84.1,No,No,Electronic check,Offer tech support / service assistance
9606-PBKBQ,0.5266565889466492,High,32,Month-to-month,85.0,No,No,Electronic check,Offer tech support / service assistance
7783-YKGDV,0.5265625109741626,High,12,Month-to-month,99.7,No,Yes,Bank transfer (automatic),Offer tech support / service assistance
2792-LSHWX,0.5260293115835559,High,1,Month-to-month,83.4,Yes,Yes,Mailed check,Targeted retention offer
5385-SUIRI,0.5259773725018899,High,52,Month-to-month,104.2,No,Yes,Electronic check,Offer tech support / service assistance
5914-DVBWJ,0.5250529462012978,High,18,Month-to-month,85.45,Yes,No,Electronic check,Targeted retention offer
8128-YVJRG,0.524889744113347,High,7,Month-to-month,79.65,No,Yes,Mailed check,Offer tech support / service assistance
7284-BUYEC,0.5248296205675974,High,5,Month-to-month,50.95,No,No,Credit card (automatic),Offer tech support / service assistance
7240-FQLHE,0.52481599050514,High,18,Month-to-month,99.75,Yes,No,Bank transfer (automatic),Targeted retention offer
5515-AKOAJ,0.5242138553581543,High,54,Month-to-month,100.1,Yes,No,Electronic check,Targeted retention offer
1302-UHBDD,0.52415182909038,High,20,Month-to-month,89.95,No,No,Electronic check,Offer tech support / service assistance
9763-PDTKK,0.5239310725738126,High,4,Month-to-month,94.4,Yes,Yes,Bank transfer (automatic),Targeted retention offer
7410-YTJIK,0.523685308900702,High,7,Month-to-month,75.45,No,No,Mailed check,Offer tech support / service assistance
5130-IEKQT,0.5232898787866233,High,25,Month-to-month,105.95,No,No,Mailed check,Offer tech support / service assistance
3336-JORSO,0.5232683336165233,High,33,Month-to-month,110.45,Yes,No,Electronic check,Targeted retention offer
1771-OADNZ,0.5232591216994852,High,29,Month-to-month,95.9,No,No,Electronic check,Offer tech support / service assistance
0576-WNXXC,0.5232591216994852,High,27,Month-to-month,95.55,No,No,Electronic check,Offer tech support / service assistance
6088-BXMRG,0.5231856984638434,High,32,Month-to-month,98.85,No,No,Electronic check,Offer tech support / service assistance
2697-NQBPF,0.5229525391133414,High,34,Month-to-month,105.35,Yes,No,Electronic check,Targeted retention offer
4659-NZRUF,0.5229504543503875,High,19,Month-to-month,95.15,No,Yes,Electronic check,Offer tech support / service assistance
6212-ATMLK,0.5229158538705234,High,50,Month-to-month,95.7,No,No,Electronic check,Offer tech support / service assistance
4587-NUKOX,0.5227397533706486,High,3,Month-to-month,79.1,No,Yes,Electronic check,Offer tech support / service assistance
5760-FXFVO,0.5227397533706486,High,6,Month-to-month,78.95,No,Yes,Electronic check,Offer tech support / service assistance
9540-JYROE,0.5223664850574016,High,8,Month-to-month,70.1,No,No,Mailed check,Offer tech support / service assistance
6330-JKLPC,0.5222622711565587,High,11,Month-to-month,80.5,No,No,Bank transfer (automatic),Offer tech support / service assistance
3717-OEAUQ,0.5221895991158553,High,2,Month-to-month,70.7,No,No,Mailed check,Offer tech support / service assistance
5028-GZLDO,0.5221895991158553,High,2,Month-to-month,70.7,No,No,Credit card (automatic),Offer tech support / service assistance
4512-ZUIYL,0.5221895991158553,High,2,Month-to-month,70.0,No,No,Bank transfer (automatic),Offer tech support / service assistance
6166-ILMNY,0.5221895991158553,High,2,Month-to-month,69.75,No,No,Bank transfer (automatic),Offer tech support / service assistance
3658-KIBGF,0.521885643367415,High,1,Month-to-month,54.9,No,Yes,Electronic check,Offer tech support / service assistance
4183-MYFRB,0.521397318981681,High,21,Month-to-month,90.05,No,No,Electronic check,Offer tech support / service assistance
5600-KTXFM,0.5213102395814598,High,2,Month-to-month,69.95,No,No,Mailed check,Offer tech support / service assistance
0388-EOPEX,0.5211084783722151,High,2,Month-to-month,74.4,No,Yes,Electronic check,Offer tech support / service assistance
3669-LVWZB,0.520824693729018,High,5,Month-to-month,51.0,No,No,Mailed check,Offer tech support / service assistance
5908-QMGOE,0.5202381690417276,High,15,Month-to-month,74.2,No,No,Credit card (automatic),Offer tech support / service assistance
3588-WSTTJ,0.5200727986805539,High,35,Month-to-month,99.05,No,Yes,Electronic check,Offer tech support / service assistance
9779-DPNEJ,0.5198203224541605,High,22,Month-to-month,80.15,No,No,Electronic check,Offer tech support / service assistance
5650-VDUDS,0.5197252184733757,High,4,Month-to-month,24.25,No,No,Mailed check,Offer tech support / service assistance
2080-GKCWQ,0.5193821350649195,High,2,Month-to-month,74.95,No,No,Electronic check,Offer tech support / service assistance
4998-IKFSE,0.5193718328430359,High,30,Month-to-month,100.45,No,No,Electronic check,Offer tech support / service assistance
8364-TRMMK,0.5193712304353908,High,3,Month-to-month,50.65,No,No,Mailed check,Offer tech support / service assistance
2538-OIMXF,0.5192690845689752,High,1,Month-to-month,24.7,No,No,Mailed check,Offer tech support / service assistance
1902-XBTFB,0.5186951838433385,High,22,Month-to-month,89.4,No,No,Electronic check,Offer tech support / service assistance
8648-PFRMP,0.5186866981051392,High,14,Month-to-month,46.35,No,No,Electronic check,Offer tech support / service assistance
0027-KWYKW,0.5185726441162387,High,23,Month-to-month,83.75,No,No,Electronic check,Offer tech support / service assistance
2460-NGXBJ,0.5183084816568164,High,11,Month-to-month,75.2,No,No,Credit card (automatic),Offer tech support / service assistance
0354-WYROK,0.5178805223789108,High,31,Month-to-month,98.9,Yes,No,Electronic check,Targeted retention offer
6900-PXRMS,0.5178682871319801,High,26,Month-to-month,105.75,No,No,Electronic check,Offer tech support / service assistance
6507-ZJSUR,0.517710589546667,High,23,Month-to-month,90.45,No,No,Electronic check,Offer tech support / service assistance
9889-TMAHG,0.5177080469556982,High,8,Month-to-month,100.3,Yes,Yes,Credit card (automatic),Targeted retention offer
0112-QAWRZ,0.5173373663772122,High,16,Month-to-month,90.8,No,No,Bank transfer (automatic),Offer tech support / service assistance
3884-HCSWG,0.5171995000287234,High,17,Month-to-month,70.0,No,No,Electronic check,Offer tech support / service assistance
4315-MURBD,0.5170372054537515,High,12,Month-to-month,98.9,Yes,Yes,Bank transfer (automatic),Targeted retention offer
6352-TWCAU,0.5170140245960779,High,35,Month-to-month,86.45,No,No,Electronic check,Offer tech support / service assistance
2207-NHRJK,0.5167559674594729,High,1,Month-to-month,50.8,No,No,Electronic check,Offer tech support / service assistance
6689-KXGBO,0.5167559674594729,High,1,Month-to-month,50.55,No,No,Electronic check,Offer tech support / service assistance
5692-ICXLW,0.5167421935037182,High,31,Month-to-month,90.7,No,No,Electronic check,Offer tech support / service assistance
6267-DCFFZ,0.5167421935037182,High,30,Month-to-month,90.05,No,No,Electronic check,Offer tech support / service assistance
5959-BELXA,0.516738321375948,High,32,Month-to-month,96.15,No,No,Credit card (automatic),Offer tech support / service assistance
3627-FCRDW,0.5166466600741041,High,9,Month-to-month,71.0,No,No,Electronic check,Offer tech support / service assistance
8990-ZXLSU,0.5166466600741041,High,9,Month-to-month,69.05,No,No,Electronic check,Offer tech support / service assistance
5364-XYIRR,0.5164620593090928,High,51,Month-to-month,94.65,No,No,Electronic check,Offer tech support / service assistance
6178-KFNHS,0.5164393822363347,High,12,Month-to-month,78.3,No,Yes,Electronic check,Offer tech support / service assistance
2232-DMLXU,0.5159664014342442,High,1,Month-to-month,55.2,No,No,Mailed check,Offer tech support / service assistance
7278-CKDNC,0.5158794080572524,High,24,Month-to-month,80.5,No,No,Electronic check,Offer tech support / service assistance
2325-NBPZG,0.5152396758116391,High,3,Month-to-month,74.55,No,Yes,Electronic check,Offer tech support / service assistance
0570-BFQHT,0.5150000188288673,High,9,Month-to-month,80.55,No,No,Electronic check,Offer tech support / service assistance
4039-HEUNW,0.5149680970399313,High,36,Month-to-month,96.5,No,No,Electronic check,Offer tech support / service assistance
9190-MFJLN,0.5147987695979028,High,19,Month-to-month,95.9,No,No,Credit card (automatic),Offer tech support / service assistance
6712-OAWRH,0.5146961980439012,High,26,Month-to-month,91.25,No,No,Electronic check,Offer tech support / service assistance
7318-EIVKO,0.5137530663026254,High,8,Month-to-month,59.25,No,No,Electronic check,Offer tech support / service assistance
3143-JQEGI,0.5130081837723119,High,13,Month-to-month,88.35,No,No,Electronic check,Offer tech support / service assistance
4236-UJPWO,0.5128286190726102,High,2,Month-to-month,24.5,No,No,Electronic check,Offer tech support / service assistance
4065-JJAVA,0.5123986052211752,High,1,Month-to-month,49.5,No,No,Electronic check,Offer tech support / service assistance
1471-GIQKQ,0.5123986052211752,High,1,Month-to-month,49.95,No,No,Electronic check,Offer tech support / service assistance
8981-FJGLA,0.5120571677984083,High,11,Month-to-month,78.0,No,No,Mailed check,Offer tech support / service assistance
9927-DSWDF,0.5118089802926075,High,22,Month-to-month,104.6,Yes,Yes,Electronic check,Targeted retention offer
3990-QYKBE,0.5117146000683397,High,37,Month-to-month,92.5,No,No,Electronic check,Offer tech support / service assistance
9824-BEMCV,0.5115842443605371,High,17,Month-to-month,69.0,No,No,Electronic check,Offer tech support / service assistance
0988-JRWWP,0.511563144955725,High,3,Month-to-month,54.2,No,No,Electronic check,Offer tech support / service assistance
9389-ACWBI,0.5107059417317835,High,5,Month-to-month,69.95,No,No,Credit card (automatic),Offer tech support / service assistance
8436-BJUMM,0.510348487420271,High,26,Month-to-month,83.75,No,No,Electronic check,Offer tech support / service assistance
6317-YPKDH,0.5100904294284831,High,1,Month-to-month,29.95,No,No,Bank transfer (automatic),Offer tech support / service assistance
2187-PKZAY,0.510001996293746,High,12,Month-to-month,79.95,No,No,Bank transfer (automatic),Offer tech support / service assistance
5569-OUICF,0.5099791294274368,High,28,Month-to-month,101.3,Yes,No,Credit card (automatic),Targeted retention offer
5759-RCVCB,0.5098706063251648,High,3,Month-to-month,35.2,No,No,Credit card (automatic),Offer tech support / service assistance
2824-MYYBN,0.50981539468816,High,37,Month-to-month,95.25,No,No,Electronic check,Offer tech support / service assistance
4369-HTUIF,0.5092668312350497,High,6,Month-to-month,85.15,No,Yes,Bank transfer (automatic),Offer tech support / service assistance
1428-GTBJJ,0.5091754032962786,High,11,Month-to-month,74.55,No,No,Electronic check,Offer tech support / service assistance
0148-DCDOS,0.5090457109365997,High,25,Month-to-month,94.7,No,No,Bank transfer (automatic),Offer tech support / service assistance
4818-QIUFN,0.508913702906907,High,20,Month-to-month,79.15,No,Yes,Electronic check,Offer tech support / service assistance
7703-ZEKEF,0.5088336997995587,High,23,Month-to-month,81.0,No,No,Electronic check,Offer tech support / service assistance
4484-CGXFK,0.5085957109827725,High,3,Month-to-month,55.3,No,No,Electronic check,Offer tech support / service assistance
9961-JBNMK,0.5080993841444326,High,21,Month-to-month,96.8,No,No,Bank transfer (automatic),Offer tech support / service assistance
0362-ZBZWJ,0.5079898182355281,High,36,Month-to-month,84.9,No,No,Electronic check,Offer tech support / service assistance
1766-GKNMI,0.5079898182355281,High,29,Month-to-month,84.9,No,No,Electronic check,Offer tech support / service assistance
0524-IAVZO,0.5079898182355281,High,30,Month-to-month,85.0,No,No,Electronic check,Offer tech support / service assistance
2362-IBOOY,0.5079898182355281,High,36,Month-to-month,84.75,No,No,Electronic check,Offer tech support / service assistance
3550-SAHFP,0.5079898182355281,High,33,Month-to-month,83.35,No,No,Electronic check,Offer tech support / service assistance
7137-RYLPP,0.5079630448183725,High,37,Month-to-month,85.7,No,No,Electronic check,Offer tech support / service assistance
2344-JMOGN,0.5076713804684964,High,9,Month-to-month,94.85,Yes,No,Mailed check,Targeted retention offer
0848-ZGQIJ,0.5075397581209489,High,16,Month-to-month,94.65,No,No,Bank transfer (automatic),Offer tech support / service assistance
0315-LVCRK,0.5074056665049849,High,11,Month-to-month,84.8,No,No,Electronic check,Offer tech support / service assistance
3946-MHCZW,0.506545287963686,High,1,Month-to-month,50.9,No,No,Mailed check,Offer tech support / service assistance
1320-REHCS,0.506089680437969,High,52,Month-to-month,110.75,Yes,No,Electronic check,Targeted retention offer
5331-RGMTT,0.5058838012690596,High,54,Month-to-month,99.05,No,No,Credit card (automatic),Offer tech support / service assistance
4547-LYTDD,0.5057990802137896,High,16,Month-to-month,72.65,No,No,Electronic check,Offer tech support / service assistance
6599-RCLCJ,0.5057732543733797,High,47,Month-to-month,109.55,Yes,No,Electronic check,Targeted retention offer
6103-BOCOU,0.5057367219998383,High,26,Month-to-month,80.7,No,No,Electronic check,Offer tech support / service assistance
1251-KRREG,0.5056796359404058,High,2,Month-to-month,54.4,No,No,Mailed check,Offer tech support / service assistance
7250-EQKIY,0.505664392657987,High,1,Month-to-month,50.45,No,No,Mailed check,Offer tech support / service assistance
0378-NHQXU,0.5043182353849217,High,17,Month-to-month,88.25,No,No,Electronic check,Offer tech support / service assistance
6661-HBGWL,0.5040827289504967,High,42,Month-to-month,104.75,No,No,Bank transfer (automatic),Offer tech support / service assistance
7599-FKVXZ,0.5039931827514175,High,42,Month-to-month,106.15,Yes,No,Bank transfer (automatic),Targeted retention offer
3398-ZOUAA,0.5039120276749549,High,21,Month-to-month,69.1,No,No,Electronic check,Offer tech support / service assistance
0921-OHLVP,0.5031100216174694,High,22,Month-to-month,83.05,No,No,Electronic check,Offer tech support / service assistance
2833-SLKDQ,0.5021845511574512,High,1,Month-to-month,45.05,No,No,Mailed check,Offer tech support / service assistance
7593-XFKDI,0.5021845511574512,High,1,Month-to-month,46.3,No,No,Mailed check,Offer tech support / service assistance
6982-SSHFK,0.5021845511574512,High,1,Month-to-month,44.4,No,No,Mailed check,Offer tech support / service assistance
7054-LGEQW,0.5021845511574512,High,1,Month-to-month,45.95,No,No,Mailed check,Offer tech support / service assistance
7754-IXRMC,0.5021845511574512,High,1,Month-to-month,45.35,No,No,Mailed check,Offer tech support / service assistance
2672-OJQZP,0.5021845511574512,High,1,Month-to-month,44.75,No,No,Mailed check,Offer tech support / service assistance
6582-OIVSP,0.5021845511574512,High,1,Month-to-month,45.3,No,No,Mailed check,Offer tech support / service assistance
0415-MOSGF,0.5021845511574512,High,1,Month-to-month,44.4,No,No,Mailed check,Offer tech support / service assistance
9448-REEVD,0.5021845511574512,High,1,Month-to-month,44.7,No,No,Credit card (automatic),Offer tech support / service assistance
6145-NNPNO,0.5021845511574512,High,1,Month-to-month,44.15,No,No,Bank transfer (automatic),Offer tech support / service assistance
4146-SVFUD,0.5021845511574512,High,1,Month-to-month,44.6,No,No,Mailed check,Offer tech support / service assistance
9244-ZVAPM,0.5021845511574512,High,1,Month-to-month,45.6,No,No,Mailed check,Offer tech support / service assistance
7252-NTGSS,0.5021845511574512,High,1,Month-to-month,45.15,No,No,Mailed check,Offer tech support / service assistance
5858-EAFCZ,0.5021845511574512,High,1,Month-to-month,44.45,No,No,Mailed check,Offer tech support / service assistance
1895-QTKDO,0.5021845511574512,High,1,Month-to-month,43.95,No,No,Credit card (automatic),Offer tech support / service assistance
3669-OYSJI,0.5021845511574512,High,1,Month-to-month,46.2,No,No,Credit card (automatic),Offer tech support / service assistance
3085-QUOZK,0.5021845511574512,High,1,Month-to-month,43.95,No,No,Mailed check,Offer tech support / service assistance
8433-WXGNA,0.5020899869464932,High,2,Month-to-month,75.7,No,Yes,Electronic check,Offer tech support / service assistance
0899-LIIBW,0.5018016925202489,High,34,Month-to-month,100.85,No,No,Electronic check,Offer tech support / service assistance
3346-BRMIS,0.5015842547234589,High,18,Month-to-month,48.35,No,No,Electronic check,Offer tech support / service assistance
3640-PHQXK,0.5013287020291533,High,31,Month-to-month,89.9,No,No,Electronic check,Offer tech support / service assistance
5103-MHMHY,0.5013035352306932,High,1,Month-to-month,45.95,No,No,Mailed check,Offer tech support / service assistance
0674-DGMAQ,0.5010565623850533,High,32,Month-to-month,93.5,No,No,Electronic check,Offer tech support / service assistance
7389-KBFIT,0.5010056584200908,High,2,Month-to-month,30.25,No,No,Mailed check,Offer tech support / service assistance
5233-GEEAX,0.5005274809903509,High,8,Month-to-month,29.4,No,No,Electronic check,Offer tech support / service assistance
3768-NLUBH,0.5004006497855197,High,57,Month-to-month,100.6,No,No,Electronic check,Offer tech support / service assistance
3914-FDRHP,0.5001716930136352,High,9,Month-to-month,86.25,Yes,No,Electronic check,Targeted retention offer
5968-VXZLG,0.4999326346787241,High,2,Month-to-month,46.6,No,No,Bank transfer (automatic),Offer tech support / service assistance
3278-FSIXX,0.4999326346787241,High,2,Month-to-month,45.25,No,No,Mailed check,Offer tech support / service assistance
4671-LXRDQ,0.4999326346787241,High,2,Month-to-month,45.0,No,No,Mailed check,Offer tech support / service assistance
4959-JOSRX,0.4999326346787241,High,2,Month-to-month,44.6,No,No,Credit card (automatic),Offer tech support / service assistance
7841-TZDMQ,0.4999326346787241,High,2,Month-to-month,46.0,No,No,Credit card (automatic),Offer tech support / service assistance
5365-LLFYV,0.4999326346787241,High,2,Month-to-month,45.85,No,No,Mailed check,Offer tech support / service assistance
3374-LXDEV,0.49988477766257816,High,13,Month-to-month,89.4,Yes,No,Electronic check,Targeted retention offer
3753-TSEMP,0.49966558178924153,High,15,Month-to-month,88.15,No,No,Electronic check,Offer tech support / service assistance
4546-FOKWR,0.4996569757288316,High,16,Month-to-month,74.75,No,No,Credit card (automatic),Offer tech support / service assistance
5899-MQZZL,0.4996569757288316,High,13,Month-to-month,75.0,No,No,Mailed check,Offer tech support / service assistance
5442-XSDCW,0.4992130508159619,High,11,Month-to-month,79.5,No,No,Bank transfer (automatic),Offer tech support / service assistance
8610-WFCJF,0.49908539376041955,High,49,Month-to-month,95.6,No,No,Electronic check,Offer tech support / service assistance
4873-ILOLJ,0.49902661428276673,High,24,Month-to-month,90.35,No,No,Electronic check,Offer tech support / service assistance
7794-JASDG,0.49876551705079447,High,1,Month-to-month,50.75,No,Yes,Mailed check,Offer tech support / service assistance
6888-SBYAI,0.49876551705079447,High,1,Month-to-month,50.7,No,Yes,Mailed check,Offer tech support / service assistance
2874-YXVVA,0.49822736665852985,High,34,Month-to-month,105.1,Yes,No,Electronic check,Targeted retention offer
9432-VOFYX,0.49806822344047635,High,17,Month-to-month,70.8,No,No,Electronic check,Offer tech support / service assistance
8630-FJLIB,0.49806822344047635,High,18,Month-to-month,69.8,No,No,Electronic check,Offer tech support / service assistance
5144-TVGLP,0.4977905743633042,High,38,Month-to-month,94.75,No,No,Electronic check,Offer tech support / service assistance
7603-USHJS,0.49772443010333256,High,12,Month-to-month,73.75,No,No,Credit card (automatic),Offer tech support / service assistance
6715-OFDBP,0.49748880595986433,High,5,Month-to-month,70.05,No,No,Electronic check,Offer tech support / service assistance
1932-UEDCX,0.4973427046501958,High,33,Month-to-month,100.6,No,No,Bank transfer (automatic),Offer tech support / service assistance
6467-CHFZW,0.4971339004107061,High,47,Month-to-month,99.35,No,No,Electronic check,Offer tech support / service assistance
4553-DVPZG,0.4965063275823607,High,62,Month-to-month,101.35,No,No,Electronic check,Offer tech support / service assistance
0886-QGENL,0.49591050597495395,High,27,Month-to-month,101.25,No,Yes,Electronic check,Offer tech support / service assistance
3524-WQDSG,0.49549519224052685,High,43,Month-to-month,99.3,No,No,Bank transfer (automatic),Offer tech support / service assistance
2603-HVKCG,0.49457434708252934,High,31,Month-to-month,101.4,No,No,Electronic check,Offer tech support / service assistance
8757-TFHHJ,0.49440465131367906,High,1,Month-to-month,49.8,No,Yes,Credit card (automatic),Offer tech support / service assistance
0623-GDISB,0.49440465131367906,High,1,Month-to-month,48.45,No,Yes,Bank transfer (automatic),Offer tech support / service assistance
0322-YINQP,0.49440465131367906,High,1,Month-to-month,48.55,No,Yes,Mailed check,Offer tech support / service assistance
1794-HBQTJ,0.49440465131367906,High,1,Month-to-month,48.6,No,Yes,Credit card (automatic),Offer tech support / service assistance
3647-GMGDH,0.4942110953250865,High,22,Month-to-month,94.7,No,No,Credit card (automatic),Offer tech support / service assistance
4647-MUZON,0.4942110953250865,High,18,Month-to-month,95.95,No,No,Credit card (automatic),Offer tech support / service assistance
1262-OPMFY,0.4941913030851153,High,9,Month-to-month,75.75,No,No,Bank transfer (automatic),Offer tech support / service assistance
6557-BZXLQ,0.494050282124219,High,16,Month-to-month,69.65,No,No,Electronic check,Offer tech support / service assistance
8993-PHFWD,0.4940156618579142,High,3,Month-to-month,25.25,No,No,Electronic check,Offer tech support / service assistance
9743-DQKQW,0.4940156618579142,High,3,Month-to-month,25.1,No,No,Electronic check,Offer tech support / service assistance
2592-SEIFQ,0.4940156618579142,High,3,Month-to-month,24.75,No,No,Electronic check,Offer tech support / service assistance
3858-VOBET,0.49378021492153257,High,23,Month-to-month,74.95,No,No,Electronic check,Offer tech support / service assistance
4690-PKDQG,0.4936400536388077,High,42,Month-to-month,95.55,No,No,Electronic check,Offer tech support / service assistance
5207-PLSTK,0.49352375305400137,High,1,Month-to-month,48.75,No,Yes,Mailed check,Offer tech support / service assistance
1928-BXYIV,0.49342027746520306,High,1,Month-to-month,61.15,No,Yes,Electronic check,Offer tech support / service assistance
6365-MTGZX,0.4932681576454152,High,24,Month-to-month,96.0,Yes,No,Electronic check,Targeted retention offer
8393-DLHGA,0.49319026485901946,High,25,Month-to-month,95.9,No,No,Electronic check,Offer tech support / service assistance
3235-ETOOB,0.493114812215943,High,8,Month-to-month,74.5,No,Yes,Electronic check,Offer tech support / service assistance
8778-LMWTJ,0.493114812215943,High,9,Month-to-month,74.85,No,Yes,Electronic check,Offer tech support / service assistance
6034-YMTOB,0.49256275685003487,High,5,Month-to-month,75.65,Yes,No,Mailed check,Targeted retention offer
0952-KMEEH,0.4924683868536588,High,13,Month-to-month,98.15,No,Yes,Mailed check,Offer tech support / service assistance
6402-ZFPPI,0.49243468428356724,High,25,Month-to-month,102.8,No,Yes,Mailed check,Offer tech support / service assistance
6778-YSNIH,0.49228027440693833,High,2,Month-to-month,59.0,No,No,Electronic check,Offer tech support / service assistance
7587-RZNME,0.4921579475051264,High,3,Month-to-month,43.3,No,No,Electronic check,Offer tech support / service assistance
6719-OXYBR,0.49118113152555914,High,15,Month-to-month,85.3,No,No,Electronic check,Offer tech support / service assistance
3597-MVHJT,0.491098277508301,High,27,Month-to-month,95.6,No,No,Bank transfer (automatic),Offer tech support / service assistance
8903-WMRNW,0.49090904028999116,High,15,Month-to-month,101.75,No,Yes,Electronic check,Offer tech support / service assistance
9172-JITSM,0.49039025572603895,High,26,Month-to-month,90.8,No,No,Electronic check,Offer tech support / service assistance
5019-GQVCR,0.49038506949402855,High,43,Month-to-month,84.85,No,No,Electronic check,Offer tech support / service assistance
9490-DFPMD,0.49038506949402855,High,42,Month-to-month,84.65,No,No,Electronic check,Offer tech support / service assistance
0265-EDXBD,0.4902955210560693,High,32,Month-to-month,74.9,No,No,Electronic check,Offer tech support / service assistance
4816-LXZYW,0.48987247422190383,High,23,Month-to-month,79.15,No,No,Electronic check,Offer tech support / service assistance
2359-KMGLI,0.48987247422190383,High,24,Month-to-month,80.25,No,No,Electronic check,Offer tech support / service assistance
5480-TBGPH,0.48984644492783497,High,24,Month-to-month,99.3,No,No,Credit card (automatic),Offer tech support / service assistance
2860-RANUS,0.4898229494231121,High,20,Month-to-month,85.8,No,No,Credit card (automatic),Offer tech support / service assistance
4373-MAVJG,0.48969684781953343,High,14,Month-to-month,90.9,No,No,Bank transfer (automatic),Offer tech support / service assistance
9398-MMQTO,0.4896885361755386,High,3,Month-to-month,74.45,No,No,Credit card (automatic),Offer tech support / service assistance
2916-BQZLN,0.48930233928725,High,19,Month-to-month,84.75,No,Yes,Electronic check,Offer tech support / service assistance
5502-RLUYV,0.48921522548361634,High,69,Month-to-month,103.95,No,No,Electronic check,Offer tech support / service assistance
8621-MNIHH,0.4890654895334688,High,34,Month-to-month,94.25,No,No,Electronic check,Offer tech support / service assistance
3545-CNWRG,0.4884293996838236,High,49,Month-to-month,98.35,No,No,Electronic check,Offer tech support / service assistance
0093-XWZFY,0.4880231937552058,High,40,Month-to-month,104.5,No,No,Credit card (automatic),Offer tech support / service assistance
5022-JNQEQ,0.4873988436782289,High,9,Month-to-month,75.85,Yes,No,Electronic check,Targeted retention offer
1589-AGTLK,0.48726645169722227,High,3,Month-to-month,45.35,No,No,Electronic check,Offer tech support / service assistance
8878-HMWBV,0.48726645169722227,High,3,Month-to-month,49.15,No,No,Electronic check,Offer tech support / service assistance
6637-KYRCV,0.4870094431523285,High,5,Month-to-month,30.5,No,No,Electronic check,Offer tech support / service assistance
8008-HAWED,0.4868529912286901,High,14,Month-to-month,50.75,No,No,Electronic check,Offer tech support / service assistance
5022-KVDQT,0.4866608042273046,High,27,Month-to-month,81.3,No,No,Electronic check,Offer tech support / service assistance
5896-NPFWW,0.48638603665279695,High,3,Month-to-month,50.15,No,No,Electronic check,Offer tech support / service assistance
3771-PZOBW,0.48637317251118034,High,20,Month-to-month,90.7,No,No,Credit card (automatic),Offer tech support / service assistance
2506-CLAKW,0.4862424150658497,High,6,Month-to-month,98.15,Yes,Yes,Bank transfer (automatic),Targeted retention offer
0620-DLSLK,0.48615274067815256,High,13,Month-to-month,81.9,No,No,Mailed check,Offer tech support / service assistance
0320-JDNQG,0.48605088154980086,High,23,Month-to-month,99.85,Yes,Yes,Electronic check,Targeted retention offer
4412-YLTKF,0.48597912620940664,High,27,Month-to-month,78.05,No,No,Electronic check,Offer tech support / service assistance
2675-DHUTR,0.48555928836008205,High,58,Month-to-month,98.9,No,No,Electronic check,Offer tech support / service assistance
5606-AMZBO,0.48545381762961454,High,10,Month-to-month,78.15,No,Yes,Credit card (automatic),Offer tech support / service assistance
7855-DIWPO,0.4852250212653517,High,21,Month-to-month,68.65,No,No,Electronic check,Offer tech support / service assistance
1769-GRUIK,0.4852250212653517,High,18,Month-to-month,71.1,No,No,Electronic check,Offer tech support / service assistance
4704-ERYFC,0.4852250212653517,High,22,Month-to-month,69.25,No,No,Electronic check,Offer tech support / service assistance
3798-EPWRR,0.48498503456614717,High,2,Month-to-month,43.95,No,No,Electronic check,Offer tech support / service assistance
0947-MUGVO,0.4849531220998266,High,20,Month-to-month,73.65,No,No,Electronic check,Offer tech support / service assistance
0650-BWOZN,0.4849531220998266,High,18,Month-to-month,73.55,No,No,Electronic check,Offer tech support / service assistance
0439-IFYUN,0.4849531220998266,High,18,Month-to-month,74.7,No,No,Electronic check,Offer tech support / service assistance
1469-LBJQJ,0.48491555542848264,High,66,Month-to-month,105.2,No,No,Electronic check,Offer tech support / service assistance
9050-QLROH,0.484882922133775,High,18,Month-to-month,90.7,No,No,Credit card (automatic),Offer tech support / service assistance
4030-VPZBD,0.4847100210701872,High,2,Month-to-month,30.9,Yes,No,Electronic check,Targeted retention offer
4971-PUYQO,0.48463826511093056,High,27,Month-to-month,94.55,No,No,Mailed check,Offer tech support / service assistance
9600-UDOPK,0.48463826511093056,High,30,Month-to-month,94.05,No,No,Credit card (automatic),Offer tech support / service assistance
2252-ISRNH,0.484367808562942,High,9,One year,90.35,No,No,Electronic check,Offer tech support / service assistance
7534-BFESC,0.4842860797428794,High,24,Month-to-month,76.1,No,No,Electronic check,Offer tech support / service assistance
8601-QACRS,0.48397713688014066,High,5,Month-to-month,50.6,No,No,Mailed check,Offer tech support / service assistance
3352-ALMCK,0.48353952723982796,High,40,Month-to-month,102.65,No,No,Mailed check,Offer tech support / service assistance
4536-PLEQY,0.4834283003174792,High,12,Month-to-month,85.05,No,No,Credit card (automatic),Offer tech support / service assistance
8182-BJDSI,0.4823724835939675,High,28,Month-to-month,89.95,No,No,Electronic check,Offer tech support / service assistance
2694-CIUMO,0.4819822212899815,High,12,Month-to-month,79.55,Yes,No,Credit card (automatic),Targeted retention offer
7881-EVUAD,0.48185339092881513,High,2,Month-to-month,42.6,No,Yes,Electronic check,Offer tech support / service assistance
2474-BRUCM,0.4817800280009885,High,40,Month-to-month,101.85,No,Yes,Electronic check,Offer tech support / service assistance
3130-ICDUP,0.4817718241222685,High,2,Month-to-month,80.55,No,Yes,Credit card (automatic),Offer tech support / service assistance
8378-LKJAF,0.4816587244846087,High,38,Month-to-month,101.15,No,No,Credit card (automatic),Offer tech support / service assistance
2519-FAKOD,0.4816587244846087,High,38,Month-to-month,99.25,No,No,Bank transfer (automatic),Offer tech support / service assistance
2507-QZPQS,0.48151621867574723,High,15,Month-to-month,95.7,Yes,No,Electronic check,Targeted retention offer
2696-NARTR,0.4814339217863186,High,11,Month-to-month,73.85,Yes,No,Electronic check,Targeted retention offer
7048-GXDAY,0.48135027939755526,High,39,Month-to-month,106.4,No,Yes,Electronic check,Offer tech support / service assistance
4220-TINQT,0.4811668554773384,High,61,Month-to-month,106.35,Yes,No,Electronic check,Targeted retention offer
2082-OJVTK,0.48072188280672956,High,29,Month-to-month,89.2,No,No,Electronic check,Offer tech support / service assistance
3003-CMDUU,0.48004976516460857,High,25,Month-to-month,95.15,Yes,No,Electronic check,Targeted retention offer
6242-MBHPK,0.47990834550738276,High,23,Month-to-month,95.1,No,Yes,Electronic check,Offer tech support / service assistance
9492-TOKRI,0.4798602242205568,High,18,Month-to-month,90.0,No,No,Credit card (automatic),Offer tech support / service assistance
9465-RWMXL,0.47983094078106253,High,32,Month-to-month,78.9,No,No,Electronic check,Offer tech support / service assistance
6017-PPLPX,0.47961205818346736,High,20,Month-to-month,70.45,No,No,Electronic check,Offer tech support / service assistance
6551-GNYDG,0.47959286610366264,High,14,Month-to-month,80.9,No,No,Bank transfer (automatic),Offer tech support / service assistance
6906-ANDWJ,0.47905285986478696,High,15,Month-to-month,74.9,No,No,Bank transfer (automatic),Offer tech support / service assistance
9283-LZQOH,0.47905285986478696,High,13,Month-to-month,74.4,No,No,Credit card (automatic),Offer tech support / service assistance
5215-LNLDJ,0.47889009672933264,High,7,Month-to-month,24.7,No,No,Electronic check,Offer tech support / service assistance
6204-IEUXJ,0.47859653151820813,High,3,Month-to-month,80.1,Yes,No,Credit card (automatic),Targeted retention offer
6905-NIQIN,0.47857380297242813,High,1,Month-to-month,50.65,No,No,Mailed check,Offer tech support / service assistance
7279-BUYWN,0.47804976680663835,High,41,Month-to-month,113.2,No,Yes,Electronic check,Offer tech support / service assistance
2091-RFFBA,0.4777730306636919,High,31,Month-to-month,73.9,No,No,Electronic check,Offer tech support / service assistance
0139-IVFJG,0.4775560565228108,High,2,Month-to-month,90.35,No,Yes,Electronic check,Offer tech support / service assistance
4238-JSSWH,0.4771425163091367,High,35,Month-to-month,102.05,No,No,Bank transfer (automatic),Offer tech support / service assistance
1335-NTIUC,0.47711370337203185,High,9,Month-to-month,24.95,No,No,Electronic check,Offer tech support / service assistance
7159-FVYPK,0.4766498415939467,High,3,Month-to-month,69.15,No,No,Bank transfer (automatic),Offer tech support / service assistance
2504-DSHIH,0.4765313691762899,High,23,Month-to-month,86.8,No,No,Electronic check,Offer tech support / service assistance
3703-KBKZP,0.4762874721362114,High,16,Month-to-month,74.45,No,No,Bank transfer (automatic),Offer tech support / service assistance
5543-QDCRY,0.4761739833040024,High,4,Month-to-month,56.4,No,No,Electronic check,Offer tech support / service assistance
9866-QEVEE,0.47610606028802155,High,19,Month-to-month,86.0,No,No,Bank transfer (automatic),Offer tech support / service assistance
0107-WESLM,0.47597976633312206,High,1,Month-to-month,19.85,No internet service,No internet service,Electronic check,Targeted retention offer
4398-HSCJH,0.47576866058477163,High,3,Month-to-month,63.6,Yes,No,Electronic check,Targeted retention offer
5028-HTLJB,0.4748004064031375,High,1,Month-to-month,20.05,No internet service,No internet service,Mailed check,Targeted retention offer
9526-BIHHD,0.4745518570376646,High,1,Month-to-month,29.7,No,Yes,Mailed check,Offer tech support / service assistance
4013-TLDHQ,0.47449641815403176,High,19,Month-to-month,78.25,No,No,Electronic check,Offer tech support / service assistance
4184-TJFAN,0.47433964993840433,High,3,Month-to-month,88.3,Yes,Yes,Mailed check,Targeted retention offer
1754-GKYPY,0.4741882320724309,High,22,Month-to-month,89.75,No,No,Bank transfer (automatic),Offer tech support / service assistance
6982-UQZLY,0.4740054708329,High,1,Month-to-month,20.85,No internet service,No internet service,Mailed check,Targeted retention offer
0818-OCPZO,0.47387338453517697,High,27,Month-to-month,81.45,No,No,Electronic check,Offer tech support / service assistance
0032-PGELS,0.473635497359459,High,1,Month-to-month,30.5,No,Yes,Bank transfer (automatic),Offer tech support / service assistance
1343-EHPYB,0.4734705976643335,High,63,Month-to-month,103.4,No,No,Electronic check,Offer tech support / service assistance
4446-BZKHU,0.4734705976643335,High,61,Month-to-month,105.55,No,No,Electronic check,Offer tech support / service assistance
7752-XUSCI,0.4734705976643335,High,60,Month-to-month,105.9,No,No,Electronic check,Offer tech support / service assistance
6377-WHAOX,0.4734705976643335,High,60,Month-to-month,106.15,No,No,Electronic check,Offer tech support / service assistance
6994-KERXL,0.47321294770761324,High,4,Month-to-month,55.9,No,No,Electronic check,Offer tech support / service assistance
3587-PMCOY,0.4729921111193738,High,10,One year,98.9,No,Yes,Electronic check,Offer tech support / service assistance
1384-RCUXW,0.4726609709420635,High,16,Month-to-month,80.55,No,No,Mailed check,Offer tech support / service assistance
3536-IQCTX,0.4721467412376076,High,32,Month-to-month,85.3,No,No,Electronic check,Offer tech support / service assistance
7586-ZATGZ,0.4717227006457363,High,40,Month-to-month,84.9,No,No,Electronic check,Offer tech support / service assistance
9821-POOTN,0.47163340619846306,High,35,Month-to-month,75.2,No,No,Electronic check,Offer tech support / service assistance
3315-TOTBP,0.47149752955191626,High,15,Month-to-month,76.0,No,No,Mailed check,Offer tech support / service assistance
8012-SOUDQ,0.4714514382458424,High,43,Month-to-month,90.25,No,No,Electronic check,Offer tech support / service assistance
6168-YBYNP,0.47133859425470004,High,59,Month-to-month,111.35,Yes,No,Electronic check,Targeted retention offer
8160-HOWOX,0.47118674766662444,High,7,Month-to-month,66.85,No,No,Electronic check,Offer tech support / service assistance
3312-UUMZW,0.4710862124083691,High,32,Month-to-month,98.85,No,No,Credit card (automatic),Offer tech support / service assistance
0280-XJGEX,0.47085879469657754,High,49,Month-to-month,103.7,No,No,Bank transfer (automatic),Offer tech support / service assistance
9108-EJFJP,0.4708137432002774,High,1,Month-to-month,53.55,No,Yes,Mailed check,Offer tech support / service assistance
8800-ZKRFW,0.47078223003936986,High,30,Month-to-month,107.5,Yes,No,Electronic check,Targeted retention offer
9167-APMXZ,0.47075419211473496,High,22,Month-to-month,84.15,No,No,Bank transfer (automatic),Offer tech support / service assistance
7508-SMHXL,0.4705571144672884,High,15,Month-to-month,89.0,No,No,Credit card (automatic),Offer tech support / service assistance
5669-SRAIP,0.47040408711171394,High,5,Month-to-month,39.5,No,No,Electronic check,Offer tech support / service assistance
4662-EKDPQ,0.47029992481553634,High,2,Month-to-month,62.05,No,No,Bank transfer (automatic),Offer tech support / service assistance
5889-JTMUL,0.47001664949758615,High,50,Month-to-month,95.05,No,No,Electronic check,Offer tech support / service assistance
2582-FFFZR,0.46977570883072667,High,22,Month-to-month,50.6,No,No,Electronic check,Offer tech support / service assistance
0402-CQAJN,0.4697260743250025,High,37,Month-to-month,101.9,No,No,Bank transfer (automatic),Offer tech support / service assistance
2528-HFYZX,0.46964307563438906,High,17,Month-to-month,76.45,No,No,Electronic check,Offer tech support / service assistance
5666-CYCYZ,0.469407492825387,High,24,Month-to-month,89.55,Yes,No,Electronic check,Targeted retention offer
8019-ENHXU,0.46938526171196815,High,42,Month-to-month,99.45,Yes,No,Electronic check,Targeted retention offer
8837-VVWLQ,0.46902635086795275,High,8,Month-to-month,84.95,No,Yes,Electronic check,Offer tech support / service assistance
2378-VTKDH,0.46861774807066,High,65,Month-to-month,104.35,No,No,Electronic check,Offer tech support / service assistance
9090-SGQXL,0.46861774807066,High,68,Month-to-month,105.3,No,No,Electronic check,Offer tech support / service assistance
0682-USIXD,0.4682981711616088,High,21,Month-to-month,86.05,Yes,No,Electronic check,Targeted retention offer
1624-WOIWJ,0.4680448650815444,High,10,Month-to-month,84.7,No,Yes,Mailed check,Offer tech support / service assistance
8819-IMISP,0.46773898868649133,High,31,Month-to-month,80.45,No,No,Electronic check,Offer tech support / service assistance
5650-YLIBA,0.46773898868649133,High,31,Month-to-month,81.15,No,No,Electronic check,Offer tech support / service assistance
4741-WWJQZ,0.46773827544107566,High,2,Month-to-month,80.15,Yes,Yes,Electronic check,Targeted retention offer
3097-NNSPB,0.46746157515786235,High,2,Month-to-month,49.05,No,No,Credit card (automatic),Offer tech support / service assistance
9992-UJOEL,0.46746157515786235,High,2,Month-to-month,50.3,No,No,Mailed check,Offer tech support / service assistance
4208-UFFGW,0.46695229275611017,High,2,Month-to-month,44.95,No,No,Mailed check,Offer tech support / service assistance
4223-WOZCM,0.46695229275611017,High,2,Month-to-month,49.95,No,No,Mailed check,Offer tech support / service assistance
1236-WFCDV,0.4668031934029982,High,14,Month-to-month,90.45,No,No,Credit card (automatic),Offer tech support / service assistance
9620-ENEJV,0.4667182442180306,High,6,Month-to-month,70.55,No,No,Credit card (automatic),Offer tech support / service assistance
9714-EDSUC,0.4665996974049629,High,4,Month-to-month,94.9,Yes,Yes,Mailed check,Targeted retention offer
5204-QZXPU,0.4665038626718753,High,19,Month-to-month,39.65,No,No,Electronic check,Offer tech support / service assistance
5087-SUURX,0.4665038626718753,High,18,Month-to-month,39.05,No,No,Electronic check,Offer tech support / service assistance
3269-ATYWD,0.4664121521659406,High,39,Month-to-month,95.65,No,No,Bank transfer (automatic),Offer tech support / service assistance
5999-LCXAO,0.4658488824451169,High,1,Month-to-month,29.9,No,Yes,Mailed check,Offer tech support / service assistance
6481-ESCNL,0.4657432393926071,High,29,Month-to-month,100.55,No,No,Bank transfer (automatic),Offer tech support / service assistance
4550-VBOFE,0.465663554504009,High,70,Month-to-month,102.95,No,No,Electronic check,Offer tech support / service assistance
2979-SXESE,0.4650650095474624,High,17,Month-to-month,94.4,No,Yes,Electronic check,Offer tech support / service assistance
1777-JYQPJ,0.46467776691726725,High,2,Month-to-month,24.3,No,No,Mailed check,Offer tech support / service assistance
7181-OQCUT,0.46453616621757754,High,21,Month-to-month,103.85,No,Yes,Mailed check,Offer tech support / service assistance
6032-KRXXO,0.46445384463411266,High,30,Month-to-month,90.25,No,No,Electronic check,Offer tech support / service assistance
3737-GCSPV,0.46423623090396643,High,11,Month-to-month,96.2,Yes,Yes,Credit card (automatic),Targeted retention offer
2692-BUCFV,0.4641163970749068,High,29,Month-to-month,101.45,No,No,Bank transfer (automatic),Offer tech support / service assistance
3167-SNQPL,0.46369581115579145,High,38,Month-to-month,101.15,No,No,Electronic check,Offer tech support / service assistance
9269-CQOOL,0.46254764870319354,High,3,Month-to-month,54.7,No,No,Credit card (automatic),Offer tech support / service assistance
2320-JRSDE,0.46237309425810896,High,1,Month-to-month,19.9,No internet service,No internet service,Electronic check,Targeted retention offer
8695-ARGXZ,0.46217631991369895,High,34,Month-to-month,75.55,No,No,Electronic check,Offer tech support / service assistance
4846-WHAFZ,0.46217631991369895,High,37,Month-to-month,76.5,No,No,Electronic check,Offer tech support / service assistance
8696-JKZNU,0.46217631991369895,High,37,Month-to-month,76.25,No,No,Electronic check,Offer tech support / service assistance
7312-XSBAT,0.4621751902284804,High,1,Month-to-month,49.75,No,Yes,Electronic check,Offer tech support / service assistance
0374-AACSZ,0.4621751902284804,High,1,Month-to-month,50.15,No,Yes,Electronic check,Offer tech support / service assistance
8286-AFUYI,0.4621751902284804,High,1,Month-to-month,47.95,No,Yes,Electronic check,Offer tech support / service assistance
4840-ORQXB,0.4620482882621476,High,56,Month-to-month,104.75,No,No,Electronic check,Offer tech support / service assistance
2739-CACDQ,0.4619463508504914,High,17,Month-to-month,82.65,No,No,Credit card (automatic),Offer tech support / service assistance
9079-YEXQJ,0.4619295921734971,High,54,Month-to-month,111.1,Yes,No,Electronic check,Targeted retention offer
6877-LGWXO,0.46161827614132384,High,18,Month-to-month,78.55,No,No,Electronic check,Offer tech support / service assistance
8066-POXGX,0.4614572250003382,High,13,Month-to-month,35.1,No,No,Electronic check,Offer tech support / service assistance
0114-PEGZZ,0.46135131657123024,High,33,Month-to-month,107.55,No,No,Electronic check,Offer tech support / service assistance
9058-MJLZC,0.46128378955476257,High,24,Month-to-month,94.6,No,Yes,Electronic check,Offer tech support / service assistance
5899-OUVKV,0.46126347628734976,High,31,Month-to-month,94.5,No,No,Electronic check,Offer tech support / service assistance
1264-BYWMS,0.46112915322824793,High,55,Month-to-month,96.8,No,No,Electronic check,Offer tech support / service assistance
9885-AIBVB,0.46111101911603647,High,29,Month-to-month,85.8,No,No,Electronic check,Offer tech support / service assistance
9661-MHUMO,0.46023439497688456,High,1,Month-to-month,49.25,Yes,No,Credit card (automatic),Targeted retention offer
0376-YMCJC,0.4601540118228625,High,23,Month-to-month,90.6,Yes,No,Electronic check,Targeted retention offer
6413-XKKPU,0.45984297014318354,High,17,Month-to-month,89.4,No,Yes,Electronic check,Offer tech support / service assistance
5857-TYBCJ,0.45943349756709057,High,44,Month-to-month,89.2,No,No,Electronic check,Offer tech support / service assistance
6599-SFQVE,0.45932204048009384,High,6,Month-to-month,55.0,No,No,Electronic check,Offer tech support / service assistance
5233-AOZUF,0.45915818351155885,High,29,Month-to-month,74.95,No,No,Electronic check,Offer tech support / service assistance
6458-CYIDZ,0.4589913332294972,High,5,Month-to-month,80.7,No,Yes,Electronic check,Offer tech support / service assistance
7018-WBJNK,0.4585066548704775,High,13,Month-to-month,78.3,No,No,Credit card (automatic),Offer tech support / service assistance
1894-IGFSG,0.4582530574712133,High,22,Month-to-month,89.25,No,No,Electronic check,Offer tech support / service assistance
1013-QCWAM,0.458198844609666,High,66,Month-to-month,100.8,No,No,Electronic check,Offer tech support / service assistance
0324-BRPCJ,0.458198844609666,High,68,Month-to-month,100.2,No,No,Electronic check,Offer tech support / service assistance
3071-VBYPO,0.45810336224125353,High,3,Month-to-month,89.85,No,Yes,Electronic check,Offer tech support / service assistance
2831-EBWRN,0.4578314567601022,High,4,Month-to-month,45.9,No,No,Electronic check,Offer tech support / service assistance
3748-FVMZZ,0.4577901089344873,High,4,Month-to-month,40.05,Yes,No,Electronic check,Targeted retention offer
2227-JRSJX,0.457379452318713,High,21,Month-to-month,99.15,Yes,No,Bank transfer (automatic),Targeted retention offer
1035-IPQPU,0.45721600591067235,High,63,Month-to-month,103.5,No,No,Electronic check,Offer tech support / service assistance
5647-FXOTP,0.45721600591067235,High,60,Month-to-month,105.9,No,No,Electronic check,Offer tech support / service assistance
1092-GANHU,0.4571358120475711,High,17,Month-to-month,76.65,No,No,Electronic check,Offer tech support / service assistance
7020-OZKXZ,0.45589633181417516,High,9,Month-to-month,75.5,No,No,Credit card (automatic),Offer tech support / service assistance
3932-IJWDZ,0.455830675470175,High,45,Month-to-month,103.65,Yes,No,Bank transfer (automatic),Targeted retention offer
4652-NNHNY,0.4557931453846861,High,16,Month-to-month,73.85,No,No,Bank transfer (automatic),Offer tech support / service assistance
1482-OXZSY,0.4554906118998273,High,30,Month-to-month,100.4,No,Yes,Bank transfer (automatic),Offer tech support / service assistance
7233-DRTRF,0.45523394874691253,High,63,Month-to-month,102.4,No,No,Electronic check,Offer tech support / service assistance
7422-WNBTY,0.4547411282770195,High,33,Month-to-month,93.35,No,No,Electronic check,Offer tech support / service assistance
6583-QGCSI,0.45435264027236083,High,50,Month-to-month,88.05,No,No,Electronic check,Offer tech support / service assistance
9971-ZWPBF,0.4536192631855982,High,34,Month-to-month,108.9,Yes,No,Electronic check,Targeted retention offer
1833-TCXKK,0.4534935233642916,High,45,Month-to-month,107.75,No,No,Bank transfer (automatic),Offer tech support / service assistance
6394-MFYNG,0.4534935233642916,High,48,Month-to-month,107.4,No,No,Bank transfer (automatic),Offer tech support / service assistance
2027-CWDNU,0.45338801041036375,High,18,Month-to-month,85.6,Yes,No,Electronic check,Targeted retention offer
3174-RKMOW,0.4533055341673285,High,35,Month-to-month,109.95,Yes,No,Electronic check,Targeted retention offer
8404-GFGCZ,0.45315818896734505,High,4,Month-to-month,65.6,No,No,Electronic check,Offer tech support / service assistance
1597-LHYNC,0.45311280630660894,High,26,Month-to-month,95.0,No,Yes,Electronic check,Offer tech support / service assistance
9053-EJUNL,0.4528693025224837,High,41,Month-to-month,89.2,No,No,Electronic check,Offer tech support / service assistance
1730-ZMAME,0.4528626064079546,High,32,Month-to-month,79.5,No,No,Electronic check,Offer tech support / service assistance
2823-LKABH,0.45283707372375226,High,18,Month-to-month,95.05,Yes,No,Bank transfer (automatic),Targeted retention offer
3853-LYGAM,0.45283707372375226,High,17,Month-to-month,95.65,Yes,No,Bank transfer (automatic),Targeted retention offer
9355-NPPFS,0.452650351796356,High,26,Month-to-month,78.8,No,No,Electronic check,Offer tech support / service assistance
3197-ARFOY,0.4524807151942452,High,19,Month-to-month,105.0,Yes,Yes,Mailed check,Targeted retention offer
5649-RXQTV,0.45124797669037914,High,51,Month-to-month,99.0,No,No,Electronic check,Offer tech support / service assistance
5055-MGMGF,0.45115250059540907,High,65,Month-to-month,105.05,No,Yes,Electronic check,Offer tech support / service assistance
2360-RDGRO,0.45115250059540907,High,65,Month-to-month,104.25,No,Yes,Electronic check,Offer tech support / service assistance
3791-LGQCY,0.4508648033675173,High,56,Month-to-month,100.65,No,No,Bank transfer (automatic),Offer tech support / service assistance
6988-CJEYV,0.4507755998767431,High,49,Month-to-month,98.7,No,No,Electronic check,Offer tech support / service assistance
8584-KMVXD,0.4505232735428578,High,8,Month-to-month,75.6,No,No,Electronic check,Offer tech support / service assistance
2277-VWCNI,0.4495801318796401,High,4,Month-to-month,48.75,No,No,Mailed check,Offer tech support / service assistance
9420-LOJKX,0.44957212221818543,High,15,Month-to-month,99.1,No,Yes,Credit card (automatic),Offer tech support / service assistance
5828-AVIPD,0.4495464151891551,High,19,One year,100.95,Yes,No,Electronic check,Targeted retention offer
8714-EUHJO,0.44914682049367616,High,31,Month-to-month,91.15,No,No,Electronic check,Offer tech support / service assistance
8490-BXHEO,0.4486750057171845,High,18,Month-to-month,80.55,No,No,Credit card (automatic),Offer tech support / service assistance
8993-IZEUX,0.44841307771909905,High,7,Month-to-month,69.15,No,No,Bank transfer (automatic),Offer tech support / service assistance
0927-LCSMG,0.44841307771909905,High,7,Month-to-month,74.65,No,No,Mailed check,Offer tech support / service assistance
1965-DDBWU,0.4481871642465112,High,16,Month-to-month,89.05,Yes,No,Credit card (automatic),Targeted retention offer
7562-GSUHK,0.44808929905588263,High,16,Month-to-month,93.2,No,No,Credit card (automatic),Offer tech support / service assistance
8785-CJSHH,0.4477963165242745,High,60,Month-to-month,99.8,No,No,Electronic check,Offer tech support / service assistance
5482-VXSXJ,0.4477081593575735,High,22,Month-to-month,93.2,No,No,Mailed check,Offer tech support / service assistance
9274-UARKJ,0.44770601141633704,High,15,Month-to-month,83.2,No,No,Bank transfer (automatic),Offer tech support / service assistance
9278-VZKCD,0.44719355931539734,High,52,Month-to-month,109.1,No,Yes,Electronic check,Offer tech support / service assistance
0749-IRGQE,0.4469761027711121,High,13,Month-to-month,45.3,No,No,Electronic check,Offer tech support / service assistance
2587-EKXTS,0.44688063960177515,High,44,Month-to-month,111.5,No,Yes,Electronic check,Offer tech support / service assistance
3002-WQZWT,0.4468131114281654,High,29,Month-to-month,74.2,No,No,Electronic check,Offer tech support / service assistance
9518-XXBXE,0.4468024399887069,High,10,Month-to-month,75.3,No,Yes,Electronic check,Offer tech support / service assistance
0221-WMXNQ,0.44674091245582626,High,4,Month-to-month,75.35,No,Yes,Electronic check,Offer tech support / service assistance
9508-ILZDG,0.4465420271728718,High,34,Month-to-month,96.35,Yes,No,Electronic check,Targeted retention offer
1580-BMCMR,0.44607868205271384,High,19,Month-to-month,87.3,No,Yes,Electronic check,Offer tech support / service assistance
6542-LWGXJ,0.44601403908515186,High,3,Month-to-month,25.0,No,No,Mailed check,Offer tech support / service assistance
5536-RTPWK,0.44520638797563356,High,49,Month-to-month,99.05,No,No,Bank transfer (automatic),Offer tech support / service assistance
7881-INRLC,0.44520638797563356,High,45,Month-to-month,100.85,No,No,Credit card (automatic),Offer tech support / service assistance
8654-DHAOW,0.44450382405187583,High,2,Month-to-month,54.15,No,No,Mailed check,Offer tech support / service assistance
1391-UBDAR,0.44392096699377703,High,11,Month-to-month,72.9,No,No,Electronic check,Offer tech support / service assistance
2501-XWWTZ,0.44392096699377703,High,11,Month-to-month,70.2,No,No,Electronic check,Offer tech support / service assistance
5226-NOZFC,0.4434200998828191,High,26,Month-to-month,85.75,No,No,Electronic check,Offer tech support / service assistance
1307-ATKGB,0.44328348532785466,High,24,Month-to-month,89.55,No,No,Electronic check,Offer tech support / service assistance
1608-GMEWB,0.4429519145956912,High,45,Month-to-month,93.9,No,No,Bank transfer (automatic),Offer tech support / service assistance
3096-JRDSO,0.4424970387327247,High,27,Month-to-month,104.3,Yes,Yes,Bank transfer (automatic),Targeted retention offer
8384-FZBJK,0.4422148598064859,High,57,Month-to-month,100.6,No,No,Electronic check,Offer tech support / service assistance
2373-NTKOD,0.4421028878015834,High,8,Month-to-month,66.25,No,No,Electronic check,Offer tech support / service assistance
3755-JBMNH,0.4402126049427917,High,16,Month-to-month,71.8,No,No,Bank transfer (automatic),Offer tech support / service assistance
9505-SQFSW,0.4401484330033786,High,3,Month-to-month,40.3,No,No,Mailed check,Offer tech support / service assistance
8535-SFUTN,0.4398239764226497,High,61,Month-to-month,106.45,No,Yes,Electronic check,Offer tech support / service assistance
5119-KEPFY,0.43960170071358706,High,36,Month-to-month,95.0,No,No,Bank transfer (automatic),Offer tech support / service assistance
9898-KZQDZ,0.4395779257270321,High,40,Month-to-month,94.55,No,No,Credit card (automatic),Offer tech support / service assistance
4828-FAZPK,0.4395362245936385,High,16,Month-to-month,79.95,No,No,Credit card (automatic),Offer tech support / service assistance
6402-EJMWF,0.4394790622178325,High,4,Month-to-month,55.3,No,No,Mailed check,Offer tech support / service assistance
5981-ITEMU,0.4393661105645496,High,40,Month-to-month,97.1,No,No,Bank transfer (automatic),Offer tech support / service assistance
2637-FKFSY,0.4393568974696526,High,3,Month-to-month,46.1,No,No,Mailed check,Offer tech support / service assistance
3005-NFMTA,0.439304324922903,High,55,Month-to-month,98.8,No,Yes,Electronic check,Offer tech support / service assistance
8519-QJGJD,0.4391374773905324,High,14,Month-to-month,75.35,No,No,Electronic check,Offer tech support / service assistance
8058-DMYRU,0.43884107264503636,High,54,Month-to-month,90.05,No,No,Electronic check,Offer tech support / service assistance
7924-GJZFI,0.43881970966885225,High,25,Month-to-month,69.3,No,No,Electronic check,Offer tech support / service assistance
6331-LWDTQ,0.43880933197588784,High,10,Month-to-month,72.15,No,No,Credit card (automatic),Offer tech support / service assistance
6080-TCMYC,0.43860437757521553,High,40,Month-to-month,81.2,No,No,Electronic check,Offer tech support / service assistance
1319-YLZJG,0.4385377491756061,High,12,Month-to-month,84.6,No,Yes,Electronic check,Offer tech support / service assistance
8631-WUXGY,0.43848384183400113,High,46,Month-to-month,99.8,No,No,Electronic check,Offer tech support / service assistance
7296-PIXQY,0.4383789119143808,High,14,Month-to-month,70.2,No,No,Electronic check,Offer tech support / service assistance
0611-DFXKO,0.43824096984937994,High,20,Month-to-month,89.0,No,No,Mailed check,Offer tech support / service assistance
2311-QYMUQ,0.4381712978371097,High,16,Month-to-month,89.45,No,No,Credit card (automatic),Offer tech support / service assistance
0093-EXYQL,0.43807660568448653,High,40,Month-to-month,91.55,No,No,Electronic check,Offer tech support / service assistance
6235-VDHOM,0.43786817842430453,High,5,Month-to-month,28.45,No,No,Electronic check,Offer tech support / service assistance
1989-PRJHP,0.4374416711890864,High,27,Month-to-month,75.5,No,No,Electronic check,Offer tech support / service assistance
3088-LHEFH,0.4373266616036717,High,11,Month-to-month,79.0,No,Yes,Bank transfer (automatic),Offer tech support / service assistance
3757-NJYBX,0.4371119965010476,High,32,Month-to-month,106.35,No,No,Bank transfer (automatic),Offer tech support / service assistance
6771-XWBDM,0.43670081769206964,High,57,Month-to-month,104.5,No,No,Credit card (automatic),Offer tech support / service assistance
1323-OOEPC,0.43662166194100066,High,53,Month-to-month,98.4,No,No,Credit card (automatic),Offer tech support / service assistance
6311-UEUME,0.43656691358549543,High,29,Month-to-month,78.9,No,No,Electronic check,Offer tech support / service assistance
4329-YPDDQ,0.4361714772864996,High,20,Month-to-month,108.2,Yes,Yes,Bank transfer (automatic),Targeted retention offer
4013-UBXWQ,0.43569731421991015,High,7,Month-to-month,74.65,Yes,No,Electronic check,Targeted retention offer
5960-MVTUK,0.4356388627191321,High,3,Month-to-month,29.75,Yes,No,Electronic check,Targeted retention offer
9572-WUKSB,0.4356388627191321,High,3,Month-to-month,29.9,Yes,No,Electronic check,Targeted retention offer
2037-SGXHH,0.43545183054624426,High,38,Month-to-month,94.65,No,No,Electronic check,Offer tech support / service assistance
7339-POGZN,0.43496605918949854,High,4,Month-to-month,50.7,No,No,Electronic check,Offer tech support / service assistance
0224-HJAPT,0.43496605918949854,High,5,Month-to-month,47.15,No,No,Electronic check,Offer tech support / service assistance
5439-WIKXB,0.4349202813202556,High,41,Month-to-month,94.55,No,No,Electronic check,Offer tech support / service assistance
3804-RVTGV,0.4345780197229508,High,50,Month-to-month,103.85,No,No,Bank transfer (automatic),Offer tech support / service assistance
5108-ADXWO,0.4343193744293093,High,11,Month-to-month,73.5,No,Yes,Electronic check,Offer tech support / service assistance
0082-OQIQY,0.43327086383641017,High,29,Month-to-month,94.2,Yes,No,Electronic check,Targeted retention offer
2955-BJZHG,0.432539238870841,High,17,Month-to-month,80.85,No,No,Electronic check,Offer tech support / service assistance
8468-EHYJA,0.43244434316991354,High,57,Month-to-month,99.65,No,Yes,Electronic check,Offer tech support / service assistance
4537-DKTAL,0.43217719750039657,High,2,Month-to-month,45.55,No,No,Electronic check,Offer tech support / service assistance
1728-BQDMA,0.43217719750039657,High,2,Month-to-month,44.45,No,No,Electronic check,Offer tech support / service assistance
0322-CHQRU,0.43217719750039657,High,2,Month-to-month,45.35,No,No,Electronic check,Offer tech support / service assistance
2372-HWUHI,0.43217719750039657,High,2,Month-to-month,44.35,No,No,Electronic check,Offer tech support / service assistance
5895-QSXOD,0.43212652902298276,High,9,Month-to-month,70.05,No,No,Mailed check,Offer tech support / service assistance
7967-HYCDE,0.43212652902298276,High,8,Month-to-month,70.7,No,No,Bank transfer (automatic),Offer tech support / service assistance
9272-LSVYH,0.43212652902298276,High,10,Month-to-month,70.15,No,No,Mailed check,Offer tech support / service assistance
7410-OIEDU,0.43212391241354814,High,10,Month-to-month,79.85,No,Yes,Mailed check,Offer tech support / service assistance
0212-ISBBF,0.43206003646292246,High,22,Month-to-month,50.35,No,No,Electronic check,Offer tech support / service assistance
3714-NTNFO,0.4320457433643429,High,49,Month-to-month,84.5,No,No,Electronic check,Offer tech support / service assistance
3571-RFHAR,0.4315184938899359,High,65,Month-to-month,109.15,Yes,No,Electronic check,Targeted retention offer
2141-RRYGO,0.43140062334336954,High,4,Month-to-month,68.65,No,No,Bank transfer (automatic),Offer tech support / service assistance
0963-ZBDRN,0.43132348441148777,High,32,Month-to-month,96.2,Yes,No,Electronic check,Targeted retention offer
8486-AYEQH,0.43131362847993204,High,31,Month-to-month,76.05,No,No,Electronic check,Offer tech support / service assistance
5153-RTHKF,0.43122081405702817,High,34,Month-to-month,85.35,No,No,Electronic check,Offer tech support / service assistance
9450-TRJUU,0.43122081405702817,High,35,Month-to-month,83.15,No,No,Electronic check,Offer tech support / service assistance
0778-NELLA,0.43100586917913813,High,9,Month-to-month,34.7,No,No,Credit card (automatic),Offer tech support / service assistance
2719-BDAQO,0.4306128949901535,High,17,Month-to-month,93.85,No,Yes,Electronic check,Offer tech support / service assistance
0468-YRPXN,0.43008350356002784,High,29,Month-to-month,98.8,Yes,No,Credit card (automatic),Targeted retention offer
8685-WHQPW,0.42972667026591244,High,22,Month-to-month,74.4,No,No,Bank transfer (automatic),Offer tech support / service assistance
5307-DZCVC,0.4295269023896409,High,32,Month-to-month,85.95,No,No,Credit card (automatic),Offer tech support / service assistance
0133-BMFZO,0.42934206874613634,High,2,Month-to-month,86.25,Yes,Yes,Electronic check,Targeted retention offer
9412-GHEEC,0.4291446377071486,High,40,Month-to-month,104.8,Yes,No,Bank transfer (automatic),Targeted retention offer
8189-XRIKE,0.429004142520067,High,32,Month-to-month,90.95,No,No,Electronic check,Offer tech support / service assistance
2277-DJJDL,0.4288885676858705,High,60,Month-to-month,99.0,Yes,No,Electronic check,Targeted retention offer
5453-AXEPF,0.428396921315198,High,17,Month-to-month,80.5,No,No,Bank transfer (automatic),Offer tech support / service assistance
6284-AHOOQ,0.428330791499697,High,22,Month-to-month,90.5,Yes,No,Bank transfer (automatic),Targeted retention offer
8914-RBTSB,0.4280762554844666,High,31,Month-to-month,93.8,No,No,Electronic check,Offer tech support / service assistance
9137-UIYPG,0.42726585236815745,High,35,Month-to-month,106.9,Yes,Yes,Electronic check,Targeted retention offer
3312-ZWLGF,0.4267516417806802,High,29,Month-to-month,79.3,Yes,No,Electronic check,Targeted retention offer
2761-XECQW,0.42650256173429296,High,8,Month-to-month,43.35,No,No,Mailed check,Offer tech support / service assistance
7351-KYHQH,0.4263968527939461,High,7,Month-to-month,64.95,No,No,Electronic check,Offer tech support / service assistance
0430-IHCDJ,0.42615085116397483,High,15,Month-to-month,49.0,No,No,Electronic check,Offer tech support / service assistance
1101-SSWAG,0.42615085116397483,High,15,Month-to-month,51.1,No,No,Electronic check,Offer tech support / service assistance
8614-VGMMV,0.42615085116397483,High,15,Month-to-month,49.1,No,No,Electronic check,Offer tech support / service assistance
7268-IGMFD,0.42612981120269194,High,18,Month-to-month,93.9,Yes,No,Bank transfer (automatic),Targeted retention offer
1226-UDFZR,0.4259054661796767,High,2,Month-to-month,49.6,No,No,Mailed check,Offer tech support / service assistance
9940-HPQPG,0.42580849213126565,High,9,Month-to-month,91.75,No,Yes,Bank transfer (automatic),Offer tech support / service assistance
4523-WXCEF,0.42541648768868884,High,59,Month-to-month,101.1,No,No,Electronic check,Offer tech support / service assistance
1493-AMTIE,0.4254031409341807,High,1,Month-to-month,20.2,No internet service,No internet service,Bank transfer (automatic),Targeted retention offer
5356-RHIPP,0.4254031409341807,High,1,Month-to-month,20.2,No internet service,No internet service,Mailed check,Targeted retention offer
2369-FEVNO,0.4254031409341807,High,1,Month-to-month,19.9,No internet service,No internet service,Mailed check,Targeted retention offer
5906-BFOZT,0.4254031409341807,High,1,Month-to-month,19.5,No internet service,No internet service,Mailed check,Targeted retention offer
7839-QRKXN,0.4254031409341807,High,1,Month-to-month,20.2,No internet service,No internet service,Mailed check,Targeted retention offer
1240-KNSEZ,0.4254031409341807,High,1,Month-to-month,20.1,No internet service,No internet service,Mailed check,Targeted retention offer
4588-YBNIB,0.4254031409341807,High,1,Month-to-month,19.6,No internet service,No internet service,Mailed check,Targeted retention offer
1622-HSHSF,0.4254031409341807,High,1,Month-to-month,19.55,No internet service,No internet service,Mailed check,Targeted retention offer
4897-QSUYC,0.4254031409341807,High,1,Month-to-month,20.15,No internet service,No internet service,Mailed check,Targeted retention offer
2465-BLLEU,0.4254031409341807,High,1,Month-to-month,19.75,No internet service,No internet service,Mailed check,Targeted retention offer
8305-VHZBZ,0.4254031409341807,High,1,Month-to-month,20.2,No internet service,No internet service,Mailed check,Targeted retention offer
7291-CDTMJ,0.4254031409341807,High,1,Month-to-month,19.65,No internet service,No internet service,Bank transfer (automatic),Targeted retention offer
2955-PSXOE,0.4254031409341807,High,1,Month-to-month,20.2,No internet service,No internet service,Bank transfer (automatic),Targeted retention offer
1000-AJSLD,0.4254031409341807,High,1,Month-to-month,20.1,No internet service,No internet service,Mailed check,Targeted retention offer
4800-VHZKI,0.4254031409341807,High,1,Month-to-month,19.9,No internet service,No internet service,Mailed check,Targeted retention offer
7989-CHGTL,0.4254031409341807,High,1,Month-to-month,19.6,No internet service,No internet service,Mailed check,Targeted retention offer
8566-YPRGL,0.4254031409341807,High,1,Month-to-month,19.5,No internet service,No internet service,Mailed check,Targeted retention offer
4661-NJEUX,0.4254031409341807,High,1,Month-to-month,20.05,No internet service,No internet service,Mailed check,Targeted retention offer
7853-WNZSY,0.4254031409341807,High,1,Month-to-month,19.75,No internet service,No internet service,Credit card (automatic),Targeted retention offer
7675-OZCZG,0.42468233046848136,High,3,Month-to-month,45.0,No,No,Electronic check,Offer tech support / service assistance
1452-KIOVK,0.42452809064069114,High,22,Month-to-month,89.1,No,No,Credit card (automatic),Offer tech support / service assistance
6987-XQSJT,0.42444530770131333,High,54,Month-to-month,79.5,No,No,Electronic check,Offer tech support / service assistance
9904-EHEVJ,0.42433578237283076,High,32,Month-to-month,91.35,No,No,Mailed check,Offer tech support / service assistance
0089-IIQKO,0.4238213867893905,High,39,Month-to-month,99.95,Yes,No,Credit card (automatic),Targeted retention offer
2043-WVTQJ,0.4232883604412555,High,1,Month-to-month,55.7,No,Yes,Mailed check,Offer tech support / service assistance
8695-WDYEA,0.4232883604412555,High,1,Month-to-month,51.25,No,Yes,Mailed check,Offer tech support / service assistance
2309-OSFEU,0.42319201918385563,High,10,Month-to-month,33.9,No,No,Mailed check,Offer tech support / service assistance
0564-MUUQK,0.4231551356019086,High,20,Month-to-month,95.5,Yes,No,Bank transfer (automatic),Targeted retention offer
3481-JHUZH,0.42298391960932624,High,41,Month-to-month,80.25,No,No,Electronic check,Offer tech support / service assistance
4678-DVQEO,0.4224344998782432,High,1,Month-to-month,52.2,Yes,No,Electronic check,Targeted retention offer
9637-EIHEQ,0.4224344998782432,High,1,Month-to-month,50.8,Yes,No,Electronic check,Targeted retention offer
2947-DOMLJ,0.4224283051943541,High,1,Month-to-month,50.6,No,Yes,Mailed check,Offer tech support / service assistance
9537-VHDTA,0.4224283051943541,High,1,Month-to-month,51.2,No,Yes,Mailed check,Offer tech support / service assistance
3956-MGXOG,0.4221336991694625,High,28,Month-to-month,80.6,No,No,Electronic check,Offer tech support / service assistance
5998-VVEJY,0.4221144403480972,High,26,Month-to-month,80.5,Yes,No,Electronic check,Targeted retention offer
0817-HSUSE,0.4215248841081695,High,1,Month-to-month,75.5,Yes,No,Electronic check,Targeted retention offer
2189-WWOEW,0.42137068623790547,High,15,Month-to-month,85.9,No,No,Bank transfer (automatic),Offer tech support / service assistance
2911-WDXMV,0.4213231530930471,High,18,Month-to-month,80.55,No,No,Credit card (automatic),Offer tech support / service assistance
8059-UDZFY,0.42110339659735985,High,33,Month-to-month,105.35,No,No,Bank transfer (automatic),Offer tech support / service assistance
8565-CLBZW,0.4210069074107924,High,24,Month-to-month,89.85,No,No,Mailed check,Offer tech support / service assistance
9822-WMWVG,0.4207028121175418,High,41,Month-to-month,106.5,Yes,Yes,Electronic check,Targeted retention offer
7978-DKUQH,0.42050049831116065,High,25,Month-to-month,74.6,No,No,Electronic check,Offer tech support / service assistance
2027-WKXMW,0.42030543528123215,High,63,Month-to-month,108.75,Yes,No,Electronic check,Targeted retention offer
6710-HSJRD,0.42030543528123215,High,61,Month-to-month,114.1,Yes,No,Electronic check,Targeted retention offer
2067-QYTCF,0.42030543528123215,High,64,Month-to-month,111.15,Yes,No,Electronic check,Targeted retention offer
7979-CORPM,0.42018506598979827,High,24,Month-to-month,90.55,No,No,Credit card (automatic),Offer tech support / service assistance
0641-EVBOJ,0.4201753307862888,High,3,Month-to-month,82.3,Yes,Yes,Mailed check,Targeted retention offer
7851-FLGGQ,0.42011698788395185,High,1,Month-to-month,44.65,Yes,No,Mailed check,Targeted retention offer
2187-LZGPL,0.42006641558399965,High,7,Month-to-month,40.1,No,No,Credit card (automatic),Offer tech support / service assistance
7483-IQWIB,0.42002681301275524,High,37,Month-to-month,92.95,No,No,Electronic check,Offer tech support / service assistance
2672-TGEFF,0.42002681301275524,High,37,Month-to-month,88.8,No,No,Electronic check,Offer tech support / service assistance
7562-UXTPG,0.42002560486986346,High,13,Month-to-month,70.15,No,No,Mailed check,Offer tech support / service assistance
3677-TNKIO,0.42002560486986346,High,14,Month-to-month,71.0,No,No,Credit card (automatic),Offer tech support / service assistance
7718-RXDGG,0.42002560486986346,High,15,Month-to-month,68.6,No,No,Bank transfer (automatic),Offer tech support / service assistance
2956-GGUCQ,0.41939131289028847,High,24,Month-to-month,78.85,No,Yes,Electronic check,Offer tech support / service assistance
8885-QSQBX,0.4190357168606414,High,1,Month-to-month,49.55,No,Yes,Bank transfer (automatic),Offer tech support / service assistance
1346-UFHAX,0.4190306075706512,High,13,Month-to-month,80.0,No,Yes,Credit card (automatic),Offer tech support / service assistance
8802-UNOJF,0.4186693968883767,High,12,Month-to-month,83.8,Yes,No,Mailed check,Targeted retention offer
3716-UVSPD,0.4181842143600847,High,1,Month-to-month,49.3,Yes,No,Electronic check,Targeted retention offer
1536-HBSWP,0.4181842143600847,High,1,Month-to-month,49.9,Yes,No,Electronic check,Targeted retention offer
1453-RZFON,0.41817803687628835,High,1,Month-to-month,49.9,No,Yes,Mailed check,Offer tech support / service assistance
0319-QZTCO,0.41793100753138984,High,3,Month-to-month,58.7,No,No,Credit card (automatic),Offer tech support / service assistance
6243-OZGFH,0.41780974431233836,High,23,Month-to-month,44.95,No,No,Electronic check,Offer tech support / service assistance
5118-MUEYH,0.41775421963236314,High,48,Month-to-month,105.1,Yes,No,Credit card (automatic),Targeted retention offer
0067-DKWBL,0.4176893823145304,High,2,Month-to-month,49.25,No,Yes,Electronic check,Offer tech support / service assistance
6240-EURKS,0.41749775578427306,High,18,Month-to-month,35.0,No,No,Electronic check,Offer tech support / service assistance
7813-ZGGAW,0.4171010725719033,High,31,Month-to-month,96.6,Yes,No,Bank transfer (automatic),Targeted retention offer
6180-YBIQI,0.41704411492984783,High,5,Month-to-month,24.3,No,No,Mailed check,Offer tech support / service assistance
5982-FPVQN,0.41694440182726783,High,37,Month-to-month,95.15,No,No,Electronic check,Offer tech support / service assistance
4566-GOLUK,0.416715645572765,High,47,Month-to-month,107.35,Yes,No,Bank transfer (automatic),Targeted retention offer
9631-XEYKE,0.4166993846242101,High,3,Month-to-month,50.4,No,No,Bank transfer (automatic),Offer tech support / service assistance
0256-LTHVJ,0.41665983932005335,High,28,Month-to-month,81.05,No,No,Electronic check,Offer tech support / service assistance
3005-TYFRD,0.41643863107649065,High,55,Month-to-month,103.65,No,No,Credit card (automatic),Offer tech support / service assistance
4881-JVQOD,0.41642998394778363,High,10,Month-to-month,34.55,No,No,Bank transfer (automatic),Offer tech support / service assistance
0475-RIJEP,0.4163229475524846,High,43,Month-to-month,77.85,No,No,Electronic check,Offer tech support / service assistance
7901-HXJVA,0.4162892092810846,High,14,Month-to-month,76.45,No,No,Electronic check,Offer tech support / service assistance
6834-NXDCA,0.4160985885775577,High,13,Month-to-month,23.9,No,No,Electronic check,Offer tech support / service assistance
0581-MDMPW,0.41600973867517244,High,24,Month-to-month,88.95,No,No,Credit card (automatic),Offer tech support / service assistance
3196-NVXLZ,0.41600973867517244,High,25,Month-to-month,84.6,No,No,Mailed check,Offer tech support / service assistance
7207-RMRDB,0.41591768906879995,High,65,Month-to-month,105.5,No,No,Electronic check,Offer tech support / service assistance
0277-BKSQP,0.4157018101190274,High,8,Month-to-month,54.4,No,No,Electronic check,Offer tech support / service assistance
0096-BXERS,0.41557977496397247,High,6,Month-to-month,50.35,No,No,Electronic check,Offer tech support / service assistance
1230-QAJDW,0.4154398309786602,High,3,Month-to-month,65.25,Yes,No,Mailed check,Targeted retention offer
2452-KDRRH,0.4153673996766044,High,67,Month-to-month,101.4,No,No,Credit card (automatic),Offer tech support / service assistance
2712-SYWAY,0.4152481546528351,High,1,Month-to-month,25.7,No internet service,No internet service,Electronic check,Targeted retention offer
5916-QEWPT,0.41507352805403225,High,2,Month-to-month,69.0,No,No,Credit card (automatic),Offer tech support / service assistance
6591-QGOYB,0.4147678882195499,High,17,Month-to-month,106.65,Yes,Yes,Bank transfer (automatic),Targeted retention offer
5404-GGUKR,0.4145981590239541,High,5,Month-to-month,51.35,No,No,Electronic check,Offer tech support / service assistance
4879-GZLFH,0.41430004512733665,High,42,Month-to-month,92.15,No,No,Electronic check,Offer tech support / service assistance
2070-XYMFH,0.41427999340683,High,23,Month-to-month,79.35,No,No,Mailed check,Offer tech support / service assistance
3415-TAILE,0.4142181757089234,High,2,Month-to-month,65.7,No,No,Mailed check,Offer tech support / service assistance
3955-JBZZM,0.4142053920196643,High,20,Month-to-month,78.8,No,No,Electronic check,Offer tech support / service assistance
0975-VOOVL,0.41414471102051015,High,3,Month-to-month,29.2,No,No,Mailed check,Offer tech support / service assistance
4154-AQUGT,0.4136891773272395,High,13,Month-to-month,89.05,Yes,No,Bank transfer (automatic),Targeted retention offer
1845-CSBRZ,0.4126015622040569,High,22,Month-to-month,85.35,No,No,Bank transfer (automatic),Offer tech support / service assistance
1194-HVAIF,0.41223091158137265,High,27,Month-to-month,95.0,No,No,Credit card (automatic),Offer tech support / service assistance
7853-GVUDZ,0.4121052519054332,High,1,Month-to-month,20.15,No internet service,No internet service,Credit card (automatic),Targeted retention offer
4781-ZXYGU,0.4121052519054332,High,1,Month-to-month,20.15,No internet service,No internet service,Bank transfer (automatic),Targeted retention offer
1725-MIMXW,0.4121052519054332,High,1,Month-to-month,19.45,No internet service,No internet service,Mailed check,Targeted retention offer
3995-WFCSM,0.4119570139956798,High,2,Month-to-month,60.85,No,No,Electronic check,Offer tech support / service assistance
0310-MVLET,0.41190924234931214,High,61,Month-to-month,99.15,No,No,Electronic check,Offer tech support / service assistance
9048-JVYVF,0.41173653041670477,High,3,Month-to-month,69.35,Yes,No,Electronic check,Targeted retention offer
9659-QEQSY,0.4112702983757608,High,45,Month-to-month,115.65,Yes,Yes,Electronic check,Targeted retention offer
5498-TXHLF,0.4111199403935023,High,34,Month-to-month,87.45,No,No,Electronic check,Offer tech support / service assistance
3370-GQEAL,0.4111199403935023,High,30,Month-to-month,85.45,No,No,Electronic check,Offer tech support / service assistance
9348-YVOMK,0.4104989687690997,High,4,Month-to-month,44.8,No,No,Credit card (automatic),Offer tech support / service assistance
5175-AOBHI,0.4104989687690997,High,4,Month-to-month,46.0,No,No,Mailed check,Offer tech support / service assistance
1635-FJFCC,0.4104989687690997,High,5,Month-to-month,44.05,No,No,Credit card (automatic),Offer tech support / service assistance
8229-TNIQA,0.4104989687690997,High,4,Month-to-month,45.3,No,No,Mailed check,Offer tech support / service assistance
3082-VQXNH,0.41027209218818317,High,3,Month-to-month,29.8,No,No,Credit card (automatic),Offer tech support / service assistance
9667-TKTVZ,0.410121355218117,High,2,Month-to-month,54.35,Yes,No,Mailed check,Targeted retention offer
1310-QRITU,0.4095036244618966,High,18,Month-to-month,50.3,No,No,Electronic check,Offer tech support / service assistance
9979-RGMZT,0.4093587258235101,High,7,One year,94.05,No,No,Mailed check,Offer tech support / service assistance
6845-RGTYS,0.409282347312421,High,47,Month-to-month,98.75,No,Yes,Electronic check,Offer tech support / service assistance
0577-WHMEV,0.4091810592062222,High,16,Month-to-month,90.7,No,Yes,Electronic check,Offer tech support / service assistance
2606-RMDHZ,0.40917743165377296,High,6,Month-to-month,30.5,No,No,Credit card (automatic),Offer tech support / service assistance
5461-QKNTN,0.40907036972517175,High,43,Month-to-month,94.3,Yes,No,Electronic check,Targeted retention offer
1550-EENBN,0.4086205516159754,High,31,Month-to-month,104.35,No,Yes,Electronic check,Offer tech support / service assistance
7503-QQRVF,0.4084521761082035,High,16,Month-to-month,74.3,No,No,Credit card (automatic),Offer tech support / service assistance
8020-BWHYL,0.4084521761082035,High,15,Month-to-month,75.3,No,No,Credit card (automatic),Offer tech support / service assistance
9944-AEXBM,0.40802967614305474,High,32,Month-to-month,85.65,No,No,Bank transfer (automatic),Offer tech support / service assistance
6304-IJFSQ,0.4076132515332418,High,3,Month-to-month,49.9,No,No,Mailed check,Offer tech support / service assistance
5373-SFODM,0.4075522674214878,High,36,Month-to-month,85.25,No,No,Credit card (automatic),Offer tech support / service assistance
6693-FRIRW,0.4073281646877463,High,18,Month-to-month,101.3,No,No,Credit card (automatic),Offer tech support / service assistance
3665-JATSN,0.40725408188871964,High,19,Month-to-month,39.7,No,No,Electronic check,Offer tech support / service assistance
5281-BUZGT,0.4070506932750995,High,36,Month-to-month,90.85,No,Yes,Electronic check,Offer tech support / service assistance
5651-YLPRD,0.4068014388105543,High,32,Month-to-month,86.1,No,No,Electronic check,Offer tech support / service assistance
4503-BDXBD,0.406688913487851,High,11,Month-to-month,74.95,No,No,Electronic check,Offer tech support / service assistance
9699-UBQFS,0.406674745120254,High,43,Month-to-month,94.5,No,Yes,Electronic check,Offer tech support / service assistance
7892-QVYKW,0.4066400110190884,High,23,Month-to-month,85.6,No,No,Electronic check,Offer tech support / service assistance
0537-QYZZN,0.40603342732702863,High,24,Month-to-month,79.85,No,Yes,Electronic check,Offer tech support / service assistance
9529-OFXHY,0.40565701692585404,High,15,Month-to-month,87.75,No,Yes,Bank transfer (automatic),Offer tech support / service assistance
2604-IJPDU,0.40511229841965424,High,20,Month-to-month,96.55,Yes,Yes,Electronic check,Targeted retention offer
8818-XYFCQ,0.4049482122438438,High,32,Month-to-month,99.55,No,Yes,Credit card (automatic),Offer tech support / service assistance
7734-DBOAI,0.4049445124434075,High,1,Month-to-month,40.1,Yes,No,Electronic check,Targeted retention offer
8123-QBNAZ,0.40486823013647266,High,36,Month-to-month,104.5,No,Yes,Credit card (automatic),Offer tech support / service assistance
5175-WLYXL,0.40468461903069675,High,22,Month-to-month,78.85,No,No,Mailed check,Offer tech support / service assistance
8563-OYMQY,0.40436187409983143,High,17,Month-to-month,90.95,No,No,Credit card (automatic),Offer tech support / service assistance
0111-KLBQG,0.4040461529298605,High,32,Month-to-month,93.95,No,No,Mailed check,Offer tech support / service assistance
0428-IKYCP,0.40361207337352983,High,22,Month-to-month,87.0,No,No,Bank transfer (automatic),Offer tech support / service assistance
7852-LECYP,0.40325814283143074,High,13,Month-to-month,93.8,No,Yes,Credit card (automatic),Offer tech support / service assistance
8718-PTMEZ,0.40318409596092836,High,13,Month-to-month,31.05,No,No,Electronic check,Offer tech support / service assistance
6339-DKLMK,0.40318409596092836,High,13,Month-to-month,31.65,No,No,Electronic check,Offer tech support / service assistance
2347-WKKAE,0.4024524696308133,High,42,Month-to-month,94.4,No,Yes,Electronic check,Offer tech support / service assistance
9281-OFDMF,0.4024319404410485,High,39,Month-to-month,90.7,No,No,Electronic check,Offer tech support / service assistance
4947-DSMXK,0.40186004281472226,High,34,Month-to-month,97.7,No,No,Bank transfer (automatic),Offer tech support / service assistance
6692-YQHXC,0.4014996176050402,High,16,Month-to-month,69.95,No,No,Credit card (automatic),Offer tech support / service assistance
1842-EZJMK,0.40123308321619067,High,50,Month-to-month,103.7,Yes,No,Electronic check,Targeted retention offer
2720-FVBQP,0.40106377757957135,High,6,Month-to-month,48.95,No,No,Credit card (automatic),Offer tech support / service assistance
4176-FXYBO,0.40099406265490073,High,54,Month-to-month,109.55,No,Yes,Electronic check,Offer tech support / service assistance
4257-GAESD,0.40076336896353076,High,6,Month-to-month,45.0,No,No,Credit card (automatic),Offer tech support / service assistance
2495-KZNFB,0.4006611123710439,High,33,Month-to-month,90.65,No,Yes,Electronic check,Offer tech support / service assistance
3866-MDTUB,0.4003121371918417,High,2,Month-to-month,70.75,No,Yes,Electronic check,Offer tech support / service assistance
6259-WJQLC,0.4000555949703022,High,32,Month-to-month,81.1,No,No,Credit card (automatic),Offer tech support / service assistance
2657-ALMWY,0.3996547181623892,High,26,Month-to-month,84.95,No,No,Electronic check,Offer tech support / service assistance
0701-RFGFI,0.39964476364248896,High,49,Month-to-month,95.4,No,No,Bank transfer (automatic),Offer tech support / service assistance
5590-YRFJT,0.3995706201444777,High,20,Month-to-month,24.45,No,No,Electronic check,Offer tech support / service assistance
1427-VERSM,0.39952072641609904,High,56,Month-to-month,98.7,Yes,No,Electronic check,Targeted retention offer
2884-GBPFB,0.39904950891313057,High,35,Month-to-month,70.3,No,No,Electronic check,Offer tech support / service assistance
6022-UGGSO,0.3987884899890529,High,32,Month-to-month,74.4,No,No,Electronic check,Offer tech support / service assistance
3096-IZETN,0.3986327033562968,High,12,Month-to-month,78.1,No,No,Bank transfer (automatic),Offer tech support / service assistance
0177-PXBAT,0.3983496209469771,High,33,Month-to-month,109.9,Yes,Yes,Bank transfer (automatic),Targeted retention offer
2842-JTCCU,0.3979220445691636,High,2,Month-to-month,46.05,No,No,Bank transfer (automatic),Offer tech support / service assistance
4432-ADRLB,0.3979220445691636,High,2,Month-to-month,44.65,No,No,Mailed check,Offer tech support / service assistance
1501-SGHBW,0.3979220445691636,High,2,Month-to-month,45.85,No,No,Mailed check,Offer tech support / service assistance
8212-CRQXP,0.3979099807382297,High,22,Month-to-month,80.0,No,No,Credit card (automatic),Offer tech support / service assistance
4581-LNWUM,0.39786714358601216,High,13,Month-to-month,49.15,No,No,Electronic check,Offer tech support / service assistance
0601-WZHJF,0.39786714358601216,High,14,Month-to-month,46.35,No,No,Electronic check,Offer tech support / service assistance
2853-CWQFQ,0.3977145944486203,High,1,Month-to-month,59.55,Yes,No,Mailed check,Targeted retention offer
7993-PYKOF,0.397698839767177,High,8,Month-to-month,75.0,No,Yes,Electronic check,Offer tech support / service assistance
3838-OZURD,0.39760614846918946,High,66,Month-to-month,105.0,No,No,Credit card (automatic),Offer tech support / service assistance
1670-SVOWZ,0.3975201037048057,High,14,Month-to-month,89.65,Yes,No,Credit card (automatic),Targeted retention offer
7641-EUYET,0.39750278964937896,High,46,Month-to-month,100.7,No,Yes,Electronic check,Offer tech support / service assistance
6770-XUAGN,0.3973181065674546,High,1,Month-to-month,21.0,No internet service,No internet service,Electronic check,Targeted retention offer
2208-UGTGR,0.39693537348497004,High,56,Month-to-month,98.6,No,No,Electronic check,Offer tech support / service assistance
7377-DMMRI,0.3968844986539456,High,2,Month-to-month,47.8,No,Yes,Electronic check,Offer tech support / service assistance
5312-UXESG,0.3968762035368196,High,41,Month-to-month,98.05,No,No,Bank transfer (automatic),Offer tech support / service assistance
9552-TGUZV,0.39675508369064577,High,8,Month-to-month,75.0,No,Yes,Mailed check,Offer tech support / service assistance
4116-TZAQJ,0.39675508369064577,High,9,Month-to-month,74.25,No,Yes,Credit card (automatic),Offer tech support / service assistance
7404-JLKQG,0.39669128275224713,High,3,Month-to-month,57.55,No,No,Electronic check,Offer tech support / service assistance
0637-UBJRP,0.3966697320088422,High,13,Month-to-month,84.05,No,Yes,Electronic check,Offer tech support / service assistance
4570-QHXHL,0.3965548527657717,High,9,Month-to-month,43.75,No,No,Electronic check,Offer tech support / service assistance
9512-UIBFX,0.3962145669302781,High,18,Month-to-month,95.15,No,No,Mailed check,Offer tech support / service assistance
9408-HRXRK,0.3958917388714028,High,45,Month-to-month,105.15,No,Yes,Electronic check,Offer tech support / service assistance
1472-TNCWL,0.3957790782078864,High,36,Month-to-month,94.7,No,No,Electronic check,Offer tech support / service assistance
5922-ABDVO,0.3957530352170475,High,19,Month-to-month,89.65,No,No,Mailed check,Offer tech support / service assistance
5572-ZDXHY,0.3957340457788467,High,22,Month-to-month,84.3,No,No,Mailed check,Offer tech support / service assistance
5804-HYIEZ,0.39569723808496365,High,70,Month-to-month,106.05,No,Yes,Electronic check,Offer tech support / service assistance
4983-CLMLV,0.39562400030366546,High,52,Month-to-month,102.7,Yes,No,Credit card (automatic),Targeted retention offer
8824-RWFXJ,0.3944896728060343,High,3,Month-to-month,56.15,No,No,Mailed check,Offer tech support / service assistance
2040-VZIKE,0.3944599319235636,High,49,Month-to-month,100.85,No,Yes,Mailed check,Offer tech support / service assistance
5016-IBERQ,0.3941392663882152,High,23,Month-to-month,84.25,No,No,Electronic check,Offer tech support / service assistance
6847-KJLTS,0.3939150913251584,High,58,Month-to-month,100.4,Yes,No,Bank transfer (automatic),Targeted retention offer
0311-UNPFF,0.39347607617672165,High,26,Month-to-month,88.8,No,No,Bank transfer (automatic),Offer tech support / service assistance
9365-SRSZE,0.3930215971802571,High,27,Month-to-month,70.55,No,No,Electronic check,Offer tech support / service assistance
3500-RMZLT,0.3930213561123108,High,15,Month-to-month,96.3,Yes,Yes,Mailed check,Targeted retention offer
9710-ZUSHQ,0.3928501545491661,High,37,Month-to-month,106.75,No,Yes,Bank transfer (automatic),Offer tech support / service assistance
5673-TIYIB,0.3927498286906851,High,2,Month-to-month,40.4,Yes,No,Credit card (automatic),Targeted retention offer
8645-KWHJO,0.39267034809282636,High,14,Month-to-month,55.0,Yes,No,Electronic check,Targeted retention offer
6581-NQCBA,0.39267034809282636,High,16,Month-to-month,49.95,Yes,No,Electronic check,Targeted retention offer
1095-JUDTC,0.3925537004747668,High,47,Month-to-month,95.05,Yes,No,Electronic check,Targeted retention offer
3323-CPBWR,0.39242953338334674,High,23,Month-to-month,96.9,Yes,No,Credit card (automatic),Targeted retention offer
1587-FKLZB,0.39240685445810236,High,66,Month-to-month,99.5,No,No,Credit card (automatic),Offer tech support / service assistance
6543-CPZMK,0.3923850928636167,High,9,Month-to-month,29.95,No,No,Electronic check,Offer tech support / service assistance
5533-NHFRF,0.39227481721538154,High,7,Month-to-month,44.4,Yes,No,Electronic check,Targeted retention offer
8623-TMRBY,0.39218657549240277,High,51,Month-to-month,84.2,No,No,Electronic check,Offer tech support / service assistance
0578-SKVMF,0.3921516206232545,High,22,Month-to-month,83.3,No,No,Electronic check,Offer tech support / service assistance
0621-TWIEM,0.3918803246908766,High,10,Month-to-month,45.55,No,No,Electronic check,Offer tech support / service assistance
0979-PHULV,0.39151911103993964,High,69,Month-to-month,99.45,No,No,Credit card (automatic),Offer tech support / service assistance
9919-YLNNG,0.3911399829643312,High,42,Month-to-month,103.8,Yes,No,Bank transfer (automatic),Targeted retention offer
0265-PSUAE,0.38992137751306427,High,16,Month-to-month,100.7,No,Yes,Bank transfer (automatic),Offer tech support / service assistance
2974-GGUXS,0.3897672100460916,High,36,Month-to-month,91.95,No,No,Credit card (automatic),Offer tech support / service assistance
7129-ACFOG,0.3897299177125412,High,5,Month-to-month,53.8,No,Yes,Electronic check,Offer tech support / service assistance
4911-BANWH,0.38968982784030404,High,31,Month-to-month,86.55,No,No,Credit card (automatic),Offer tech support / service assistance
7517-SAWMO,0.3895249327117259,High,19,Month-to-month,73.2,No,Yes,Electronic check,Offer tech support / service assistance
7774-OJSXI,0.38945203130093825,High,31,One year,103.45,No,No,Electronic check,Offer tech support / service assistance
4360-PNRQB,0.3892032090758718,High,18,Month-to-month,75.6,No,No,Bank transfer (automatic),Offer tech support / service assistance
5628-RKIFK,0.3891714496832104,High,49,Month-to-month,101.55,No,Yes,Credit card (automatic),Offer tech support / service assistance
0531-ZZJWQ,0.38898319980965634,High,55,Month-to-month,74.0,No,No,Electronic check,Offer tech support / service assistance
5950-AAAGJ,0.3887930147394817,High,18,Month-to-month,84.3,No,No,Bank transfer (automatic),Offer tech support / service assistance
0867-MKZVY,0.38839559921054184,High,20,Month-to-month,82.4,No,Yes,Electronic check,Offer tech support / service assistance
6923-EFPNL,0.3882989337536634,High,4,Month-to-month,51.75,No,No,Credit card (automatic),Offer tech support / service assistance
9462-MJUAW,0.3882989337536634,High,4,Month-to-month,50.4,No,No,Mailed check,Offer tech support / service assistance
7739-LAXOG,0.38827187692811715,High,32,Month-to-month,91.05,No,No,Bank transfer (automatic),Offer tech support / service assistance
2718-GAXQD,0.3882007356469435,High,4,Month-to-month,46.0,No,No,Electronic check,Offer tech support / service assistance
2108-XWMPY,0.3880784432853297,High,3,Month-to-month,35.45,No,Yes,Mailed check,Offer tech support / service assistance
0504-HHAPI,0.3878559888902015,High,27,Month-to-month,88.3,No,No,Credit card (automatic),Offer tech support / service assistance
2675-OTVVJ,0.38779788895502887,High,31,Month-to-month,89.45,No,Yes,Electronic check,Offer tech support / service assistance
8456-QDAVC,0.38772118258739136,High,19,Month-to-month,78.7,No,No,Bank transfer (automatic),Offer tech support / service assistance
3208-YPIOE,0.38733158621496827,High,39,Month-to-month,75.25,No,No,Electronic check,Offer tech support / service assistance
9732-EQMWY,0.3873298557298748,High,49,Month-to-month,99.4,No,No,Electronic check,Offer tech support / service assistance
5813-UECBU,0.3872824936010287,High,33,Month-to-month,83.85,No,No,Credit card (automatic),Offer tech support / service assistance
9369-XFEHK,0.3872824936010287,High,33,Month-to-month,80.6,No,No,Bank transfer (automatic),Offer tech support / service assistance
9574-RKJIF,0.38695268907637553,High,30,Month-to-month,94.4,No,Yes,Electronic check,Offer tech support / service assistance
1767-TGTKO,0.38653635404549347,High,8,Month-to-month,45.45,No,No,Electronic check,Offer tech support / service assistance
7743-EXURX,0.38653635404549347,High,8,Month-to-month,51.05,No,No,Electronic check,Offer tech support / service assistance
2302-ANTDP,0.3864130168080612,High,48,Month-to-month,117.45,Yes,Yes,Electronic check,Targeted retention offer
1271-SJBGZ,0.38622385855139807,High,12,Month-to-month,43.65,Yes,No,Electronic check,Targeted retention offer
6652-YFFJO,0.38608962889112414,High,11,Month-to-month,64.9,No,No,Electronic check,Offer tech support / service assistance
1399-UBQIU,0.38608962889112414,High,11,Month-to-month,69.35,No,No,Electronic check,Offer tech support / service assistance
4948-WBBKL,0.38569317039181716,High,36,Month-to-month,74.9,No,No,Bank transfer (automatic),Offer tech support / service assistance
9286-DOJGF,0.38569317039181716,High,38,Month-to-month,74.95,No,No,Bank transfer (automatic),Offer tech support / service assistance
7529-ZDFXI,0.38542596633323395,High,57,Month-to-month,89.85,No,No,Electronic check,Offer tech support / service assistance
0623-IIHUG,0.38522091314051415,High,21,Month-to-month,41.9,No,Yes,Electronic check,Offer tech support / service assistance
2122-YWVYA,0.38492185493880615,High,18,Month-to-month,75.4,No,Yes,Electronic check,Offer tech support / service assistance
8677-HDZEE,0.3846482252342778,High,56,Month-to-month,105.45,Yes,No,Bank transfer (automatic),Targeted retention offer
5156-UMKOW,0.38457047416432494,High,3,Month-to-month,29.65,No,No,Mailed check,Offer tech support / service assistance
7011-CVEUC,0.38443927052660637,High,25,Month-to-month,95.7,Yes,No,Credit card (automatic),Targeted retention offer
0348-SDKOL,0.38433696792114874,High,58,Month-to-month,102.1,Yes,No,Credit card (automatic),Targeted retention offer
3237-AJGEH,0.38410991850282067,High,3,Month-to-month,31.0,Yes,No,Mailed check,Targeted retention offer
7853-OETYL,0.3837571598580494,High,4,Month-to-month,29.05,No,Yes,Electronic check,Offer tech support / service assistance
9026-RNUJS,0.3834656257954322,High,5,Month-to-month,50.35,No,No,Electronic check,Offer tech support / service assistance
9667-EQRXU,0.38319744958286234,High,30,Month-to-month,40.3,No,No,Electronic check,Offer tech support / service assistance
7298-IZWLY,0.38314518623511673,High,1,Month-to-month,19.4,No internet service,No internet service,Mailed check,Targeted retention offer
6078-VESFR,0.38312459813190436,High,13,Month-to-month,70.45,No,No,Bank transfer (automatic),Offer tech support / service assistance
5099-BAILX,0.38268446796679884,High,43,Month-to-month,110.75,Yes,No,Bank transfer (automatic),Targeted retention offer
8552-OBVRU,0.38207310182267784,High,48,Month-to-month,104.5,Yes,Yes,Electronic check,Targeted retention offer
0407-BDJKB,0.3815664642030028,High,60,Month-to-month,95.75,No,No,Electronic check,Offer tech support / service assistance
3137-LUPIX,0.3815064387478009,High,4,Month-to-month,64.4,Yes,No,Mailed check,Targeted retention offer
7176-WIONM,0.38118135140195714,High,12,Month-to-month,49.85,No,No,Bank transfer (automatic),Offer tech support / service assistance
5712-AHQNN,0.3810903404456705,High,43,Month-to-month,91.65,No,No,Electronic check,Offer tech support / service assistance
0141-YEAYS,0.38097856649218637,High,27,Month-to-month,86.45,No,No,Bank transfer (automatic),Offer tech support / service assistance
8849-AYPTR,0.38051113863446556,High,33,Month-to-month,91.25,No,No,Electronic check,Offer tech support / service assistance
5222-IMUKT,0.38051113863446556,High,32,Month-to-month,91.05,No,No,Electronic check,Offer tech support / service assistance
7627-JKIAZ,0.38045852123404705,High,37,Month-to-month,78.95,No,No,Credit card (automatic),Offer tech support / service assistance
1548-FEHVL,0.3803582509072524,High,61,Month-to-month,106.2,No,Yes,Electronic check,Offer tech support / service assistance
7682-AZNDK,0.38031838819524116,High,34,Month-to-month,89.85,No,No,Electronic check,Offer tech support / service assistance
2203-GHNWN,0.37991322495630503,High,24,Month-to-month,79.65,No,No,Mailed check,Offer tech support / service assistance
1216-BGTSP,0.37989439610109776,High,45,Month-to-month,108.45,Yes,Yes,Credit card (automatic),Targeted retention offer
9026-LHEVG,0.37986705391689524,High,9,Month-to-month,40.75,No,No,Electronic check,Offer tech support / service assistance
5294-DMSFH,0.3797421365700692,High,29,Month-to-month,87.8,No,No,Credit card (automatic),Offer tech support / service assistance
5035-BVCXS,0.3797138519331564,High,11,Month-to-month,75.9,No,No,Mailed check,Offer tech support / service assistance
4989-LIXVT,0.3795050796817561,High,68,Month-to-month,95.9,No,No,Electronic check,Offer tech support / service assistance
7579-OOPEC,0.3794369536314909,High,2,Month-to-month,50.15,No,No,Credit card (automatic),Offer tech support / service assistance
6961-VCPMC,0.37881462699548285,High,46,Month-to-month,80.4,No,No,Electronic check,Offer tech support / service assistance
8016-NCFVO,0.37864202931548063,High,55,Month-to-month,116.5,Yes,Yes,Electronic check,Targeted retention offer
6522-YRBXD,0.37851056982573916,High,35,Month-to-month,94.55,No,Yes,Electronic check,Offer tech support / service assistance
8327-LZKAS,0.3783599808341159,High,43,One year,107.55,Yes,No,Electronic check,Targeted retention offer
2669-OIDSD,0.3782982866085982,High,48,Month-to-month,100.05,Yes,No,Credit card (automatic),Targeted retention offer
7126-RBHSD,0.37829735411514986,High,17,Month-to-month,78.9,No,Yes,Electronic check,Offer tech support / service assistance
1355-KUSBG,0.37820557209366745,High,7,Month-to-month,48.8,No,No,Electronic check,Offer tech support / service assistance
9643-YBLUR,0.3781245964034509,High,9,Month-to-month,69.05,No,No,Credit card (automatic),Offer tech support / service assistance
6362-QHAFM,0.37806228647080387,High,42,One year,108.3,Yes,No,Electronic check,Targeted retention offer
8640-SDGKB,0.3779100718624762,High,4,Month-to-month,74.4,Yes,No,Electronic check,Targeted retention offer
3331-HQDTW,0.37763584073883444,High,34,Month-to-month,109.8,No,Yes,Mailed check,Offer tech support / service assistance
2640-PMGFL,0.37695529821549106,High,27,Month-to-month,79.5,Yes,No,Electronic check,Targeted retention offer
5609-IMCGG,0.3767419002562115,High,15,Month-to-month,84.35,No,Yes,Credit card (automatic),Offer tech support / service assistance
2971-SGAFL,0.37644975050518426,High,13,Month-to-month,78.75,No,Yes,Electronic check,Offer tech support / service assistance
2856-NNASM,0.3761648572175937,High,43,Month-to-month,89.55,No,No,Mailed check,Offer tech support / service assistance
7470-MCQTK,0.37597774771389536,High,13,Month-to-month,48.75,No,No,Bank transfer (automatic),Offer tech support / service assistance
5389-FFVKB,0.37583939901717855,High,32,Month-to-month,80.3,No,No,Credit card (automatic),Offer tech support / service assistance
2565-JSLRY,0.3757377177230232,High,1,Month-to-month,24.05,No internet service,No internet service,Mailed check,Targeted retention offer
7895-VONWT,0.37573534737825953,High,25,Month-to-month,48.25,No,No,Electronic check,Offer tech support / service assistance
9029-FEGVJ,0.3750595298281486,High,32,Month-to-month,79.3,No,No,Mailed check,Offer tech support / service assistance
4430-UZIPO,0.3749515742953605,High,3,Month-to-month,36.85,Yes,No,Mailed check,Targeted retention offer
4625-EWPTF,0.3748376486013296,High,8,Month-to-month,30.45,No,Yes,Electronic check,Offer tech support / service assistance
4829-AUOAX,0.3748278546114958,High,46,Month-to-month,96.05,No,No,Bank transfer (automatic),Offer tech support / service assistance
5816-QVHRX,0.37448245677084946,High,37,Month-to-month,100.3,Yes,No,Credit card (automatic),Targeted retention offer
3540-RZJYU,0.37444957566768117,High,15,Month-to-month,86.2,No,Yes,Electronic check,Offer tech support / service assistance
2195-ZRVAX,0.37426337168825957,High,47,Month-to-month,85.3,No,No,Electronic check,Offer tech support / service assistance
6172-FECYY,0.37403046152811786,High,49,Month-to-month,84.5,No,No,Electronic check,Offer tech support / service assistance
4760-THGOT,0.3739607684039222,High,43,Month-to-month,94.1,No,Yes,Electronic check,Offer tech support / service assistance
9261-WDCAF,0.3739049107997034,High,3,Month-to-month,54.65,No,No,Mailed check,Offer tech support / service assistance
1074-AMIOH,0.3738732010396747,High,53,Month-to-month,108.25,Yes,No,Bank transfer (automatic),Targeted retention offer
0374-IOEGQ,0.37367646302647084,High,3,Month-to-month,44.6,No,No,Electronic check,Offer tech support / service assistance
4465-VDKIQ,0.3736759344846123,High,18,Month-to-month,77.8,No,No,Electronic check,Offer tech support / service assistance
0397-GZBBC,0.37366918701022855,High,59,Month-to-month,93.85,No,No,Bank transfer (automatic),Offer tech support / service assistance
3787-TRIAL,0.3734636225457708,High,21,Month-to-month,26.05,No,No,Electronic check,Offer tech support / service assistance
1891-FZYSA,0.37337633348938387,High,69,Month-to-month,89.95,No,No,Electronic check,Offer tech support / service assistance
3806-DXQOM,0.37294966233419113,High,4,Month-to-month,33.65,No,Yes,Electronic check,Offer tech support / service assistance
7395-IGJOS,0.37292140134451957,High,17,Month-to-month,81.5,No,No,Bank transfer (automatic),Offer tech support / service assistance
7460-ITWWP,0.3725647236282086,High,45,Month-to-month,86.1,No,No,Electronic check,Offer tech support / service assistance
9576-SYUHJ,0.37255856935289877,High,37,Month-to-month,91.15,No,Yes,Electronic check,Offer tech support / service assistance
9526-JAWYF,0.372360433894709,High,26,Month-to-month,89.8,No,No,Electronic check,Offer tech support / service assistance
2359-KLTEK,0.37230884103905737,High,41,Month-to-month,94.9,No,No,Bank transfer (automatic),Offer tech support / service assistance
5356-CSVSQ,0.37207967989666463,High,3,Month-to-month,64.6,Yes,No,Electronic check,Targeted retention offer
6135-OZQVA,0.3720529953475565,High,7,Month-to-month,53.65,No,Yes,Electronic check,Offer tech support / service assistance
5536-SLHPM,0.3718762709422891,High,55,Month-to-month,77.75,No,No,Electronic check,Offer tech support / service assistance
5626-MGTUK,0.37165042448959124,High,20,Month-to-month,89.1,No,Yes,Bank transfer (automatic),Offer tech support / service assistance
0533-BNWKF,0.37162203476899036,High,55,Month-to-month,85.45,No,No,Electronic check,Offer tech support / service assistance
2105-PHWON,0.37143203831128224,High,33,Month-to-month,95.0,Yes,No,Credit card (automatic),Targeted retention offer
2101-RANCD,0.37136769385972046,High,55,Month-to-month,73.1,No,No,Electronic check,Offer tech support / service assistance
3987-KQDDU,0.3710245316416749,High,9,Month-to-month,75.6,No,Yes,Electronic check,Offer tech support / service assistance
0666-UXTJO,0.37100050625425557,High,34,Month-to-month,85.2,No,No,Credit card (automatic),Offer tech support / service assistance
5143-EGQFK,0.3704714050888399,High,10,Month-to-month,29.65,Yes,No,Electronic check,Targeted retention offer
9629-NHXFW,0.37031692408866645,High,1,Month-to-month,19.4,No internet service,No internet service,Mailed check,Targeted retention offer
8988-ECPJR,0.3702647802417739,High,34,Month-to-month,79.6,No,No,Mailed check,Offer tech support / service assistance
9722-UJOJR,0.3700798934894485,High,29,Month-to-month,70.75,No,No,Electronic check,Offer tech support / service assistance
5122-CYFXA,0.36988639080838637,High,3,Month-to-month,75.3,Yes,No,Electronic check,Targeted retention offer
6464-KEXXH,0.36940641537933994,High,8,Month-to-month,25.25,No,No,Credit card (automatic),Offer tech support / service assistance
3055-MJDSB,0.36940641537933994,High,9,Month-to-month,24.6,No,No,Mailed check,Offer tech support / service assistance
0585-EGDDA,0.3691056845310689,High,40,Month-to-month,80.0,No,No,Electronic check,Offer tech support / service assistance
7964-VEXDG,0.36899590666323395,High,21,Month-to-month,80.35,No,Yes,Electronic check,Offer tech support / service assistance
4248-QPAVC,0.36893426827285997,High,17,Month-to-month,85.35,No,Yes,Bank transfer (automatic),Offer tech support / service assistance
6537-QLGEX,0.36890058646111035,High,16,Month-to-month,38.9,No,Yes,Electronic check,Offer tech support / service assistance
5143-WMWOG,0.3688403560955122,High,1,Month-to-month,19.95,No internet service,No internet service,Electronic check,Targeted retention offer
1156-ZFYDO,0.3688403560955122,High,1,Month-to-month,19.75,No internet service,No internet service,Electronic check,Targeted retention offer
7617-EYGLW,0.3688403560955122,High,1,Month-to-month,19.45,No internet service,No internet service,Electronic check,Targeted retention offer
2683-BPJSO,0.36882762269693387,High,29,Month-to-month,84.45,No,Yes,Electronic check,Offer tech support / service assistance
5419-JKZNQ,0.3686710571777875,High,30,Month-to-month,77.9,No,No,Mailed check,Offer tech support / service assistance
7547-EKNFS,0.3686628683222865,High,42,Month-to-month,95.25,No,No,Bank transfer (automatic),Offer tech support / service assistance
2573-GYRUU,0.36822464971826335,High,48,Month-to-month,91.05,No,No,Credit card (automatic),Offer tech support / service assistance
7481-ATQQS,0.36822464971826335,High,49,Month-to-month,90.85,No,No,Credit card (automatic),Offer tech support / service assistance
9445-SZLCH,0.368221555037192,High,36,Month-to-month,97.35,No,No,Bank transfer (automatic),Offer tech support / service assistance
5301-GAUUY,0.3679273979576983,High,32,Month-to-month,80.35,No,No,Bank transfer (automatic),Offer tech support / service assistance
4818-DRBQT,0.3679273979576983,High,29,Month-to-month,80.15,No,No,Bank transfer (automatic),Offer tech support / service assistance
2235-ZGKPT,0.3678423139510489,High,4,Month-to-month,50.85,No,No,Mailed check,Offer tech support / service assistance
3761-FLYZI,0.3674778263283362,High,65,Month-to-month,108.8,No,No,Bank transfer (automatic),Offer tech support / service assistance
3737-XBQDD,0.3673894115114388,High,24,Month-to-month,84.85,No,No,Bank transfer (automatic),Offer tech support / service assistance
2883-ILGWO,0.3672939448089212,High,57,Month-to-month,104.9,Yes,No,Bank transfer (automatic),Targeted retention offer
6075-SLNIL,0.36727538488335965,High,38,Month-to-month,95.1,No,No,Credit card (automatic),Offer tech support / service assistance
7658-UYUQS,0.3672399907806201,High,21,Month-to-month,86.55,No,No,Bank transfer (automatic),Offer tech support / service assistance
5948-UJZLF,0.3672112709072267,High,2,Month-to-month,49.25,No,No,Mailed check,Offer tech support / service assistance
8805-JNRAZ,0.3672112709072267,High,2,Month-to-month,49.2,No,No,Mailed check,Offer tech support / service assistance
8149-AIQCG,0.36637000979445095,High,39,Month-to-month,73.15,No,No,Credit card (automatic),Offer tech support / service assistance
5394-SVGJV,0.366360917619324,High,37,Month-to-month,98.8,Yes,No,Bank transfer (automatic),Targeted retention offer
1260-TTRXI,0.36603242909608913,High,4,Month-to-month,54.3,No,No,Electronic check,Offer tech support / service assistance
4471-KXAUH,0.36558724866349174,High,42,Month-to-month,84.3,Yes,No,Electronic check,Targeted retention offer
9708-HPXWZ,0.3652551198555443,High,5,Month-to-month,45.4,Yes,No,Credit card (automatic),Targeted retention offer
9112-WSNPU,0.3651877799347749,High,35,Month-to-month,70.55,No,No,Electronic check,Offer tech support / service assistance
4718-DHSMV,0.36482577478520267,High,11,Month-to-month,35.8,No,No,Mailed check,Offer tech support / service assistance
6416-YJTTB,0.3645936186854122,High,11,Month-to-month,79.5,No,Yes,Bank transfer (automatic),Offer tech support / service assistance
8543-MSDMF,0.36457701563491035,High,3,Month-to-month,77.4,No,Yes,Electronic check,Offer tech support / service assistance
7634-WSWDB,0.3635879054543587,High,8,Month-to-month,38.5,No,Yes,Electronic check,Offer tech support / service assistance
3211-ILJTT,0.3635864614820117,High,17,Month-to-month,70.4,No,No,Bank transfer (automatic),Offer tech support / service assistance
4918-QLLIW,0.3634484865043947,High,3,Month-to-month,53.4,No,No,Credit card (automatic),Offer tech support / service assistance
8806-EAGWC,0.3634484865043947,High,3,Month-to-month,55.15,No,No,Mailed check,Offer tech support / service assistance
9800-ONTFE,0.36341731883109796,High,22,Month-to-month,75.8,No,No,Bank transfer (automatic),Offer tech support / service assistance
7623-TRNQN,0.3634154975684568,High,1,Month-to-month,49.9,Yes,No,Mailed check,Targeted retention offer
8167-GJLRN,0.3629120638852913,High,3,Month-to-month,30.4,Yes,No,Electronic check,Targeted retention offer
2873-ZLIWT,0.362774768075709,High,40,Month-to-month,84.85,Yes,No,Electronic check,Targeted retention offer
1728-CXQBE,0.3627689133658701,High,64,Month-to-month,94.25,No,No,Electronic check,Offer tech support / service assistance
6173-GOLSU,0.3626570256487361,High,67,Month-to-month,94.65,No,No,Credit card (automatic),Offer tech support / service assistance
3161-GETRM,0.3622584499662353,High,34,Month-to-month,90.05,No,No,Credit card (automatic),Offer tech support / service assistance
5996-DAOQL,0.3620469091827417,High,1,Month-to-month,20.45,No internet service,No internet service,Mailed check,Targeted retention offer
4634-JLRJT,0.3620469091827417,High,1,Month-to-month,20.35,No internet service,No internet service,Mailed check,Targeted retention offer
2081-KJSQF,0.3620469091827417,High,1,Month-to-month,20.25,No internet service,No internet service,Mailed check,Targeted retention offer
8073-IJDCM,0.3620469091827417,High,1,Month-to-month,20.3,No internet service,No internet service,Mailed check,Targeted retention offer
2480-JZOSN,0.3620469091827417,High,1,Month-to-month,20.65,No internet service,No internet service,Mailed check,Targeted retention offer
7814-LEEVE,0.3620469091827417,High,1,Month-to-month,20.3,No internet service,No internet service,Bank transfer (automatic),Targeted retention offer
0670-KDOMA,0.3620469091827417,High,1,Month-to-month,20.25,No internet service,No internet service,Mailed check,Targeted retention offer
2876-VBBBL,0.3620469091827417,High,1,Month-to-month,20.25,No internet service,No internet service,Mailed check,Targeted retention offer
8262-COGGB,0.3620469091827417,High,1,Month-to-month,20.45,No internet service,No internet service,Mailed check,Targeted retention offer
1436-ZMJAN,0.36186193705380865,High,10,Month-to-month,67.8,No,No,Credit card (automatic),Offer tech support / service assistance
1304-BCCFO,0.36186193705380865,High,9,Month-to-month,70.05,No,No,Mailed check,Offer tech support / service assistance
6729-GDNGC,0.3617400724844525,High,20,Month-to-month,80.7,No,No,Bank transfer (automatic),Offer tech support / service assistance
7130-YXBRO,0.3616117025762108,High,48,Month-to-month,111.45,No,Yes,Bank transfer (automatic),Offer tech support / service assistance
8155-IBNHG,0.36134415934081415,High,24,Month-to-month,75.4,No,No,Credit card (automatic),Offer tech support / service assistance
6646-JPPHA,0.36127287169688177,High,14,Month-to-month,78.85,No,Yes,Electronic check,Offer tech support / service assistance
0596-BQCEQ,0.3605875581824135,High,62,Month-to-month,100.15,No,No,Electronic check,Offer tech support / service assistance
2632-UCGVD,0.35996230675368807,High,66,Month-to-month,100.05,Yes,No,Credit card (automatic),Targeted retention offer
1098-TDVUQ,0.35955920241257977,High,1,Month-to-month,19.25,No internet service,No internet service,Bank transfer (automatic),Targeted retention offer
4667-OHGKG,0.35955920241257977,High,1,Month-to-month,19.3,No internet service,No internet service,Mailed check,Targeted retention offer
6121-VZNQB,0.35955920241257977,High,1,Month-to-month,19.1,No internet service,No internet service,Mailed check,Targeted retention offer
9318-NKNFC,0.35955920241257977,High,1,Month-to-month,18.85,No internet service,No internet service,Mailed check,Targeted retention offer
1818-ESQMW,0.3591238971108334,High,27,Month-to-month,89.2,Yes,No,Electronic check,Targeted retention offer
9003-CPATH,0.3590163010440956,High,42,Month-to-month,79.9,No,No,Electronic check,Offer tech support / service assistance
7277-OZCGZ,0.3589469372226416,High,22,Month-to-month,89.05,Yes,Yes,Electronic check,Targeted retention offer
4191-XOVOM,0.3589237086030765,High,63,Month-to-month,105.4,Yes,No,Electronic check,Targeted retention offer
9572-MTILT,0.35849243093554606,High,59,Month-to-month,106.75,Yes,Yes,Electronic check,Targeted retention offer
6817-WTYHE,0.3583875366549872,High,2,Month-to-month,44.9,No,No,Bank transfer (automatic),Offer tech support / service assistance
1216-JWVUX,0.358259067918665,High,25,Month-to-month,75.5,No,No,Electronic check,Offer tech support / service assistance
4391-LNRXK,0.3580915452201145,High,22,Month-to-month,94.95,Yes,No,Bank transfer (automatic),Targeted retention offer
8313-KTIHG,0.35806791419762357,High,4,Month-to-month,61.3,Yes,No,Electronic check,Targeted retention offer
5716-LIBJC,0.35789122528189954,High,13,One year,104.15,No,No,Credit card (automatic),Offer tech support / service assistance
9474-PHLYD,0.35772977767352876,High,15,Month-to-month,59.45,No,No,Electronic check,Offer tech support / service assistance
5839-SUYVZ,0.35753503920595,High,16,Month-to-month,74.55,Yes,No,Credit card (automatic),Targeted retention offer
5697-GOMBF,0.35752323751194637,High,28,Month-to-month,35.9,No,No,Electronic check,Offer tech support / service assistance
0376-OIWME,0.35705146898243917,High,36,Month-to-month,93.6,No,Yes,Electronic check,Offer tech support / service assistance
6908-VVYHM,0.3569358535743736,High,65,Month-to-month,90.65,No,No,Electronic check,Offer tech support / service assistance
3452-ABWRL,0.3568062596569168,High,47,Month-to-month,86.05,No,No,Credit card (automatic),Offer tech support / service assistance
4361-BKAXE,0.3567149476878351,High,41,Month-to-month,114.5,Yes,Yes,Bank transfer (automatic),Targeted retention offer
9158-VCTQB,0.3567149476878351,High,41,Month-to-month,113.6,Yes,Yes,Bank transfer (automatic),Targeted retention offer
4143-HHPMK,0.3566752539926388,High,52,Month-to-month,85.35,No,No,Electronic check,Offer tech support / service assistance
3679-XASPY,0.3562144638176812,High,1,Month-to-month,19.45,No internet service,No internet service,Electronic check,Targeted retention offer
3807-XHCJH,0.3562144638176812,High,1,Month-to-month,20.0,No internet service,No internet service,Electronic check,Targeted retention offer
9103-CXVOK,0.3562144638176812,High,1,Month-to-month,19.75,No internet service,No internet service,Electronic check,Targeted retention offer
7567-ECMCM,0.35619240313805456,High,24,Month-to-month,79.85,No,No,Credit card (automatic),Offer tech support / service assistance
0869-PAPRP,0.35607174176812706,High,26,Month-to-month,85.7,No,No,Credit card (automatic),Offer tech support / service assistance
2322-VCZHZ,0.3559245776196663,High,23,Month-to-month,90.0,No,Yes,Electronic check,Offer tech support / service assistance
8544-GOQSH,0.3555328596879045,High,14,Month-to-month,80.05,Yes,No,Credit card (automatic),Targeted retention offer
1785-BPHTP,0.35544477894199583,High,28,Month-to-month,85.45,No,No,Electronic check,Offer tech support / service assistance
7129-CAKJW,0.35489653416366723,High,17,Month-to-month,80.05,No,No,Bank transfer (automatic),Offer tech support / service assistance
8896-BQTTI,0.3546912880815588,High,1,Month-to-month,25.0,No internet service,No internet service,Mailed check,Targeted retention offer
2692-PFYTJ,0.3546912880815588,High,1,Month-to-month,25.75,No internet service,No internet service,Mailed check,Targeted retention offer
7501-VTYLJ,0.35460981302589006,High,2,Month-to-month,51.55,No,No,Mailed check,Offer tech support / service assistance
7346-MEDWM,0.3543368086148159,High,59,Month-to-month,83.25,No,No,Electronic check,Offer tech support / service assistance
1685-BQULA,0.35411969879329647,High,40,Month-to-month,93.4,No,No,Bank transfer (automatic),Offer tech support / service assistance
3069-SSVSN,0.35250858258929363,High,1,One year,25.85,No,No,Mailed check,Offer tech support / service assistance
1910-FMXJM,0.35232588551298466,High,36,Month-to-month,80.4,No,No,Electronic check,Offer tech support / service assistance
6179-GJPSO,0.3520090241534223,High,43,Month-to-month,108.15,Yes,Yes,Credit card (automatic),Targeted retention offer
0999-QXNSA,0.35189884991219206,High,7,Month-to-month,45.75,No,No,Mailed check,Offer tech support / service assistance
2049-BAFNW,0.35185685168534037,High,1,Month-to-month,35.9,Yes,No,Mailed check,Targeted retention offer
6656-JWRQX,0.35185685168534037,High,1,Month-to-month,30.55,Yes,No,Mailed check,Targeted retention offer
0599-XNYDO,0.3517806249284625,High,20,Month-to-month,69.8,No,No,Bank transfer (automatic),Offer tech support / service assistance
2178-PMGCJ,0.3517806249284625,High,22,Month-to-month,69.7,No,No,Mailed check,Offer tech support / service assistance
3943-KDREE,0.35152344158246956,High,26,Month-to-month,74.95,No,No,Bank transfer (automatic),Offer tech support / service assistance
5349-AZPEW,0.3513090718779671,High,5,Month-to-month,25.05,No,No,Mailed check,Offer tech support / service assistance
2811-POVEX,0.35126274679064917,High,23,Month-to-month,88.45,No,No,Bank transfer (automatic),Offer tech support / service assistance
6862-CQUMB,0.3511212886571875,High,37,Month-to-month,96.1,No,No,Credit card (automatic),Offer tech support / service assistance
0786-VSSUD,0.3507676998919309,High,16,Month-to-month,39.0,No,No,Mailed check,Offer tech support / service assistance
3923-CSIHK,0.35007557591926447,High,50,Month-to-month,71.05,No,No,Electronic check,Offer tech support / service assistance
